10;0001319113;02;00401;04;122;0002;0001;    ;319113;1,00;
11;0001319113;100;1,00;
10;0001339197;02;00401;04;122;0002;0001;    ;339197;1450000,00;
11;0001339197;100;1450000,00;
10;0002329021;02;00301;04;123;0057;0002;    ;329021;1,00;
11;0002329021;100;1,00;
10;0002329022;02;00301;04;123;0057;0002;    ;329022;1,00;
11;0002329022;100;1,00;
10;0002329121;02;00301;04;123;0057;0002;    ;329121;320000,00;
11;0002329121;100;320000,00;
10;0002469071;02;00301;04;123;0057;0002;    ;469071;710000,00;
11;0002469071;100;710000,00;
10;0002469077;02;00301;04;123;0057;0002;    ;469077;1,00;
11;0002469077;100;1,00;
10;0002469171;02;00301;04;123;0057;0002;    ;469171;310000,00;
11;0002469171;100;310000,00;
10;0009999999;02;09999;99;999;9999;0009;    ;999999;230000,00;
11;0009999999;100;230000,00;
10;1001339030;02;01001;27;812;0003;1001;    ;339030;1000,00;
11;1001339030;100;1000,00;
10;1001339036;02;01001;27;812;0003;1001;    ;339036;1000,00;
11;1001339036;100;1000,00;
10;1001339039;02;01001;27;812;0003;1001;    ;339039;70001,00;
11;1001339039;100;70000,00;
11;1001339039;124;1,00;
10;1001339093;02;01001;27;812;0003;1001;    ;339093;1,00;
11;1001339093;124;1,00;
10;1001449051;02;01001;27;812;0003;1001;    ;449051;90001,00;
11;1001449051;100;1,00;
11;1001449051;124;90000,00;
10;1001449052;02;01001;27;812;0003;1001;    ;449052;2,00;
11;1001449052;124;1,00;
11;1001449052;100;1,00;
10;1002337170;02;01101;18;452;0005;1002;    ;337170;10000,00;
11;1002337170;100;10000,00;
10;1006339030;02;00501;13;392;0015;1006;    ;339030;1000,00;
11;1006339030;100;1000,00;
10;1006339036;02;00501;13;392;0015;1006;    ;339036;5000,00;
11;1006339036;100;5000,00;
10;1006339039;02;00501;13;392;0015;1006;    ;339039;2000,00;
11;1006339039;100;2000,00;
10;1007339030;02;00502;13;392;0019;1007;    ;339030;300,00;
11;1007339030;100;300,00;
10;1007339036;02;00502;13;392;0019;1007;    ;339036;3000,00;
11;1007339036;100;3000,00;
10;1007339039;02;00502;13;392;0019;1007;    ;339039;1001,00;
11;1007339039;100;1000,00;
11;1007339039;124;1,00;
10;1010339030;02;00702;08;244;0023;1010;    ;339030;9000,00;
11;1010339030;156;4000,00;
11;1010339030;100;5000,00;
10;1010339032;02;00702;08;244;0023;1010;    ;339032;44000,00;
11;1010339032;156;44000,00;
10;1010339036;02;00702;08;244;0023;1010;    ;339036;26000,00;
11;1010339036;100;5000,00;
11;1010339036;156;21000,00;
10;1010339039;02;00702;08;244;0023;1010;    ;339039;1,00;
11;1010339039;156;1,00;
10;1010339048;02;00702;08;244;0023;1010;    ;339048;12000,00;
11;1010339048;156;12000,00;
10;1012339030;02;00901;12;365;0025;1012;    ;339030;8097,00;
11;1012339030;147;1,00;
11;1012339030;101;7500,00;
11;1012339030;100;596,00;
10;1012339036;02;00901;12;365;0025;1012;    ;339036;7585,79;
11;1012339036;101;7583,79;
11;1012339036;100;1,00;
11;1012339036;147;1,00;
10;1012339039;02;00901;12;365;0025;1012;    ;339039;650397,00;
11;1012339039;100;1,00;
11;1012339039;101;300000,00;
11;1012339039;146;250099,00;
11;1012339039;147;100297,00;
10;1012449051;02;00901;12;365;0025;1012;    ;449051;300002,00;
11;1012449051;100;1,00;
11;1012449051;101;100000,00;
11;1012449051;146;1,00;
11;1012449051;147;200000,00;
10;1012449052;02;00901;12;365;0025;1012;    ;449052;70002,00;
11;1012449052;101;70000,00;
11;1012449052;100;1,00;
11;1012449052;147;1,00;
10;1013339030;02;00901;12;365;0026;1013;    ;339030;10695,00;
11;1013339030;100;496,00;
11;1013339030;101;10198,00;
11;1013339030;147;1,00;
10;1013339036;02;00901;12;365;0026;1013;    ;339036;3,00;
11;1013339036;147;1,00;
11;1013339036;101;1,00;
11;1013339036;100;1,00;
10;1013339039;02;00901;12;365;0026;1013;    ;339039;250298,00;
11;1013339039;101;150000,00;
11;1013339039;147;100297,00;
11;1013339039;100;1,00;
10;1013449051;02;00901;12;365;0026;1013;    ;449051;213001,00;
11;1013449051;100;1,00;
11;1013449051;147;200000,00;
11;1013449051;101;13000,00;
10;1013449052;02;00901;12;365;0026;1013;    ;449052;3,00;
11;1013449052;147;1,00;
11;1013449052;101;1,00;
11;1013449052;100;1,00;
10;1014339030;02;00901;12;361;0027;1014;    ;339030;5003,00;
11;1014339030;146;1,00;
11;1014339030;147;1,00;
11;1014339030;100;1,00;
11;1014339030;101;5000,00;
10;1014339036;02;00901;12;361;0027;1014;    ;339036;5002,00;
11;1014339036;147;1,00;
11;1014339036;100;1,00;
11;1014339036;101;5000,00;
10;1014339039;02;00901;12;361;0027;1014;    ;339039;420794,00;
11;1014339039;100;496,00;
11;1014339039;101;320000,00;
11;1014339039;146;1,00;
11;1014339039;147;100297,00;
10;1014449051;02;00901;12;361;0027;1014;    ;449051;200002,00;
11;1014449051;101;100000,00;
11;1014449051;100;1,00;
11;1014449051;147;100000,00;
11;1014449051;146;1,00;
10;1014449052;02;00901;12;361;0027;1014;    ;449052;500299,00;
11;1014449052;147;1,00;
11;1014449052;100;1,00;
11;1014449052;146;300297,00;
11;1014449052;101;200000,00;
10;1024339030;02;00801;15;451;0039;1024;    ;339030;1000,00;
11;1024339030;100;1000,00;
10;1024339036;02;00801;15;451;0039;1024;    ;339036;3000,00;
11;1024339036;100;3000,00;
10;1024339039;02;00801;15;451;0039;1024;    ;339039;10000,00;
11;1024339039;100;10000,00;
10;1024449051;02;00801;15;451;0039;1024;    ;449051;1,00;
11;1024449051;100;1,00;
10;1024449052;02;00801;15;451;0039;1024;    ;449052;10000,00;
11;1024449052;100;10000,00;
10;1028449051;02;00901;12;365;0025;1028;    ;449051;500200,00;
11;1028449051;147;100,00;
11;1028449051;146;500000,00;
11;1028449051;101;100,00;
10;1031339030;02;01402;10;301;0045;1031;    ;339030;2,00;
11;1031339030;148;1,00;
11;1031339030;102;1,00;
10;1031339036;02;01402;10;301;0045;1031;    ;339036;2,00;
11;1031339036;102;1,00;
11;1031339036;148;1,00;
10;1031339039;02;01402;10;301;0045;1031;    ;339039;599,00;
11;1031339039;148;598,00;
11;1031339039;102;1,00;
10;1031339093;02;01402;10;301;0045;1031;    ;339093;1,00;
11;1031339093;102;1,00;
10;1031449051;02;01402;10;301;0045;1031;    ;449051;737396,00;
11;1031449051;102;225396,00;
11;1031449051;153;512000,00;
10;1032339030;02;01402;10;302;0045;1032;    ;339030;2,00;
11;1032339030;149;1,00;
11;1032339030;102;1,00;
10;1032339036;02;01402;10;302;0045;1032;    ;339036;2,00;
11;1032339036;149;1,00;
11;1032339036;102;1,00;
10;1032339039;02;01402;10;302;0045;1032;    ;339039;497,00;
11;1032339039;102;1,00;
11;1032339039;149;496,00;
10;1032339093;02;01402;10;302;0045;1032;    ;339093;2,00;
11;1032339093;102;1,00;
11;1032339093;149;1,00;
10;1032449051;02;01402;10;302;0045;1032;    ;449051;497,00;
11;1032449051;149;1,00;
11;1032449051;102;496,00;
10;1033319004;02;01402;10;303;0045;1033;    ;319004;1,00;
11;1033319004;123;1,00;
10;1033319011;02;01402;10;303;0045;1033;    ;319011;35297,00;
11;1033319011;123;35297,00;
10;1033339030;02;01402;10;303;0045;1033;    ;339030;199,00;
11;1033339030;102;199,00;
10;1033339039;02;01402;10;303;0045;1033;    ;339039;1,00;
11;1033339039;102;1,00;
10;1033339093;02;01402;10;303;0045;1033;    ;339093;1,00;
11;1033339093;123;1,00;
10;1033449051;02;01402;10;303;0045;1033;    ;449051;1,00;
11;1033449051;123;1,00;
10;1046339039;02;00401;04;122;0056;1046;    ;339039;1,00;
11;1046339039;100;1,00;
10;1054339030;02;01201;15;451;0078;1054;    ;339030;1,00;
11;1054339030;100;1,00;
10;1054339039;02;01201;15;451;0078;1054;    ;339039;2,00;
11;1054339039;100;1,00;
11;1054339039;124;1,00;
10;1054449051;02;01201;15;451;0078;1054;    ;449051;50001,00;
11;1054449051;100;50000,00;
11;1054449051;124;1,00;
10;1056449051;02;00901;12;361;0027;1056;    ;449051;930300,00;
11;1056449051;147;100,00;
11;1056449051;101;100,00;
11;1056449051;100;100,00;
11;1056449051;146;930000,00;
10;1059335041;02;01402;10;302;0045;1059;    ;335041;1,00;
11;1059335041;102;1,00;
10;1059339039;02;01402;10;302;0045;1059;    ;339039;1,00;
11;1059339039;102;1,00;
10;1059449051;02;01402;10;302;0045;1059;    ;449051;800297,00;
11;1059449051;192;470000,00;
11;1059449051;102;330297,00;
10;1059449052;02;01402;10;302;0045;1059;    ;449052;101,00;
11;1059449052;155;100,00;
11;1059449052;102;1,00;
10;2001319004;02;00201;04;122;0002;2001;    ;319004;1,00;
11;2001319004;100;1,00;
10;2001319011;02;00201;04;122;0002;2001;    ;319011;618000,00;
11;2001319011;100;618000,00;
10;2001319016;02;00201;04;122;0002;2001;    ;319016;1,00;
11;2001319016;100;1,00;
10;2001339008;02;00201;04;122;0002;2001;    ;339008;1300,00;
11;2001339008;100;1300,00;
10;2001339046;02;00201;04;122;0002;2001;    ;339046;3000,00;
11;2001339046;100;3000,00;
10;2001339093;02;00201;04;122;0002;2001;    ;339093;1,00;
11;2001339093;100;1,00;
10;2002335041;02;00201;04;122;0002;2002;    ;335041;20000,00;
11;2002335041;100;20000,00;
10;2002339014;02;00201;04;122;0002;2002;    ;339014;500,00;
11;2002339014;100;500,00;
10;2002339030;02;00201;04;122;0002;2002;    ;339030;500,00;
11;2002339030;100;500,00;
10;2002339033;02;00201;04;122;0002;2002;    ;339033;1000,00;
11;2002339033;100;1000,00;
10;2002339036;02;00201;04;122;0002;2002;    ;339036;1,00;
11;2002339036;100;1,00;
10;2002339039;02;00201;04;122;0002;2002;    ;339039;200000,00;
11;2002339039;100;200000,00;
10;2002339092;02;00201;04;122;0002;2002;    ;339092;1,00;
11;2002339092;100;1,00;
10;2002339093;02;00201;04;122;0002;2002;    ;339093;1,00;
11;2002339093;100;1,00;
10;2002449052;02;00201;04;122;0002;2002;    ;449052;1,00;
11;2002449052;100;1,00;
10;2004335041;02;01001;27;813;0003;2004;    ;335041;50000,00;
11;2004335041;100;50000,00;
10;2004335043;02;01001;27;813;0003;2004;    ;335043;1,00;
11;2004335043;100;1,00;
10;2004339030;02;01001;27;813;0003;2004;    ;339030;6000,00;
11;2004339030;100;6000,00;
10;2004339031;02;01001;27;813;0003;2004;    ;339031;40000,00;
11;2004339031;100;40000,00;
10;2004339036;02;01001;27;813;0003;2004;    ;339036;1,00;
11;2004339036;100;1,00;
10;2004339039;02;01001;27;813;0003;2004;    ;339039;2,00;
11;2004339039;124;1,00;
11;2004339039;100;1,00;
10;2006339030;02;01001;27;812;0003;2006;    ;339030;8000,00;
11;2006339030;100;8000,00;
10;2006339036;02;01001;27;812;0003;2006;    ;339036;1,00;
11;2006339036;100;1,00;
10;2006339039;02;01001;27;812;0003;2006;    ;339039;1,00;
11;2006339039;100;1,00;
10;2008339036;02;01001;27;811;0003;2008;    ;339036;30000,00;
11;2008339036;100;30000,00;
10;2008339039;02;01001;27;811;0003;2008;    ;339039;40000,00;
11;2008339039;100;40000,00;
10;2009335041;02;01001;27;812;0003;2009;    ;335041;65000,00;
11;2009335041;100;65000,00;
10;2009339030;02;01001;27;812;0003;2009;    ;339030;30000,00;
11;2009339030;100;30000,00;
10;2009339036;02;01001;27;812;0003;2009;    ;339036;1,00;
11;2009339036;100;1,00;
10;2009339039;02;01001;27;812;0003;2009;    ;339039;2,00;
11;2009339039;124;1,00;
11;2009339039;100;1,00;
10;2010339030;02;01001;27;813;0003;2010;    ;339030;15000,00;
11;2010339030;100;15000,00;
10;2010339036;02;01001;27;813;0003;2010;    ;339036;5000,00;
11;2010339036;100;5000,00;
10;2010339039;02;01001;27;813;0003;2010;    ;339039;2,00;
11;2010339039;124;1,00;
11;2010339039;100;1,00;
10;2010449051;02;01001;27;813;0003;2010;    ;449051;40001,00;
11;2010449051;124;1,00;
11;2010449051;100;40000,00;
10;2011339030;02;01001;27;811;0003;2011;    ;339030;400,00;
11;2011339030;100;400,00;
10;2011339036;02;01001;27;811;0003;2011;    ;339036;1,00;
11;2011339036;100;1,00;
10;2011339039;02;01001;27;811;0003;2011;    ;339039;600,00;
11;2011339039;100;600,00;
10;2014339030;02;01101;18;544;0004;2014;    ;339030;1,00;
11;2014339030;100;1,00;
10;2014339039;02;01101;18;544;0004;2014;    ;339039;30001,00;
11;2014339039;124;30000,00;
11;2014339039;100;1,00;
10;2014339093;02;01101;18;544;0004;2014;    ;339093;1,00;
11;2014339093;124;1,00;
10;2014449051;02;01101;18;544;0004;2014;    ;449051;2,00;
11;2014449051;100;1,00;
11;2014449051;124;1,00;
10;2016339030;02;01101;18;541;0004;2016;    ;339030;1,00;
11;2016339030;100;1,00;
10;2016339039;02;01101;18;541;0004;2016;    ;339039;1,00;
11;2016339039;100;1,00;
10;2016449051;02;01101;18;541;0004;2016;    ;449051;2000,00;
11;2016449051;100;2000,00;
10;2018335041;02;01101;18;452;0005;2018;    ;335041;100000,00;
11;2018335041;100;100000,00;
10;2018339030;02;01101;18;452;0005;2018;    ;339030;1,00;
11;2018339030;100;1,00;
10;2018339032;02;01101;18;452;0005;2018;    ;339032;800,00;
11;2018339032;100;800,00;
10;2018339036;02;01101;18;452;0005;2018;    ;339036;1,00;
11;2018339036;100;1,00;
10;2018339039;02;01101;18;452;0005;2018;    ;339039;1300000,00;
11;2018339039;100;1300000,00;
10;2018449051;02;01101;18;452;0005;2018;    ;449051;300000,00;
11;2018449051;190;300000,00;
10;2018449052;02;01101;18;452;0005;2018;    ;449052;200001,00;
11;2018449052;100;1,00;
11;2018449052;190;200000,00;
10;2020339030;02;01101;18;452;0006;2020;    ;339030;50000,00;
11;2020339030;100;50000,00;
10;2020339036;02;01101;18;452;0006;2020;    ;339036;1,00;
11;2020339036;100;1,00;
10;2020339039;02;01101;18;452;0006;2020;    ;339039;200000,00;
11;2020339039;100;200000,00;
10;2020339093;02;01101;18;452;0006;2020;    ;339093;1,00;
11;2020339093;100;1,00;
10;2020449052;02;01101;18;452;0006;2020;    ;449052;7500,00;
11;2020449052;100;7500,00;
10;2021339030;02;01101;18;452;0006;2021;    ;339030;17000,00;
11;2021339030;100;17000,00;
10;2021339036;02;01101;18;452;0006;2021;    ;339036;1,00;
11;2021339036;100;1,00;
10;2021339039;02;01101;18;452;0006;2021;    ;339039;1,00;
11;2021339039;100;1,00;
10;2022339030;02;00206;04;124;0007;2022;    ;339030;298,00;
11;2022339030;100;298,00;
10;2022339036;02;00206;04;124;0007;2022;    ;339036;1,00;
11;2022339036;100;1,00;
10;2022339039;02;00206;04;124;0007;2022;    ;339039;1,00;
11;2022339039;100;1,00;
10;2023339030;02;00205;08;244;0008;2023;    ;339030;1,00;
11;2023339030;100;1,00;
10;2023339033;02;00205;08;244;0008;2023;    ;339033;1,00;
11;2023339033;100;1,00;
10;2023339036;02;00205;08;244;0008;2023;    ;339036;1,00;
11;2023339036;100;1,00;
10;2023339039;02;00205;08;244;0008;2023;    ;339039;5000,00;
11;2023339039;100;5000,00;
10;2023449051;02;00205;08;244;0008;2023;    ;449051;1,00;
11;2023449051;100;1,00;
10;2023449052;02;00205;08;244;0008;2023;    ;449052;1,00;
11;2023449052;100;1,00;
10;2024335043;02;00601;20;605;0009;2024;    ;335043;10000,00;
11;2024335043;100;10000,00;
10;2024336041;02;00601;20;605;0009;2024;    ;336041;122000,00;
11;2024336041;100;122000,00;
10;2024339030;02;00601;20;605;0009;2024;    ;339030;1,00;
11;2024339030;100;1,00;
10;2024339036;02;00601;20;605;0009;2024;    ;339036;1,00;
11;2024339036;100;1,00;
10;2024339039;02;00601;20;605;0009;2024;    ;339039;1,00;
11;2024339039;100;1,00;
10;2024449052;02;00601;20;605;0009;2024;    ;449052;152100,00;
11;2024449052;124;146250,00;
11;2024449052;100;5850,00;
10;2024449093;02;00601;20;605;0009;2024;    ;449093;1,00;
11;2024449093;124;1,00;
10;2027339030;02;00301;04;123;0010;2027;    ;339030;5000,00;
11;2027339030;100;5000,00;
10;2027339036;02;00301;04;123;0010;2027;    ;339036;5000,00;
11;2027339036;100;5000,00;
10;2027339039;02;00301;04;123;0010;2027;    ;339039;190000,00;
11;2027339039;100;190000,00;
10;2027449052;02;00301;04;123;0010;2027;    ;449052;5000,00;
11;2027449052;100;5000,00;
10;2028339030;02;00301;04;129;0010;2028;    ;339030;5000,00;
11;2028339030;100;5000,00;
10;2028339036;02;00301;04;129;0010;2028;    ;339036;5000,00;
11;2028339036;100;5000,00;
10;2028339039;02;00301;04;129;0010;2028;    ;339039;140000,00;
11;2028339039;100;140000,00;
10;2028339093;02;00301;04;129;0010;2028;    ;339093;12000,00;
11;2028339093;100;12000,00;
10;2028449052;02;00301;04;129;0010;2028;    ;449052;15000,00;
11;2028449052;100;15000,00;
10;2030339036;02;01301;04;121;0012;2030;    ;339036;1,00;
11;2030339036;100;1,00;
10;2030339039;02;01301;04;121;0012;2030;    ;339039;500,00;
11;2030339039;100;500,00;
10;2030449052;02;01301;04;121;0012;2030;    ;449052;1,00;
11;2030449052;100;1,00;
10;2032339030;02;00202;04;131;0014;2032;    ;339030;1,00;
11;2032339030;100;1,00;
10;2032339036;02;00202;04;131;0014;2032;    ;339036;1,00;
11;2032339036;100;1,00;
10;2032339039;02;00202;04;131;0014;2032;    ;339039;200000,00;
11;2032339039;100;200000,00;
10;2033339030;02;00501;13;391;0015;2033;    ;339030;2000,00;
11;2033339030;100;2000,00;
10;2033339036;02;00501;13;391;0015;2033;    ;339036;2000,00;
11;2033339036;100;2000,00;
10;2033339039;02;00501;13;391;0015;2033;    ;339039;5000,00;
11;2033339039;100;5000,00;
10;2038339030;02;00501;13;392;0015;2038;    ;339030;2000,00;
11;2038339030;100;2000,00;
10;2038339036;02;00501;13;392;0015;2038;    ;339036;3000,00;
11;2038339036;100;3000,00;
10;2038339039;02;00501;13;392;0015;2038;    ;339039;3001,00;
11;2038339039;124;1,00;
11;2038339039;100;3000,00;
10;2038449052;02;00501;13;392;0015;2038;    ;449052;5000,00;
11;2038449052;100;5000,00;
10;2039335041;02;00501;13;392;0015;2039;    ;335041;43000,00;
11;2039335041;100;43000,00;
10;2039335043;02;00501;13;392;0015;2039;    ;335043;14000,00;
11;2039335043;100;14000,00;
10;2039339030;02;00501;13;392;0015;2039;    ;339030;1,00;
11;2039339030;100;1,00;
10;2039339036;02;00501;13;392;0015;2039;    ;339036;1900,00;
11;2039339036;100;1900,00;
10;2039339039;02;00501;13;392;0015;2039;    ;339039;10000,00;
11;2039339039;100;10000,00;
10;2041339030;02;00203;04;126;0017;2041;    ;339030;2000,00;
11;2041339030;100;2000,00;
10;2041339036;02;00203;04;126;0017;2041;    ;339036;2000,00;
11;2041339036;100;2000,00;
10;2041339039;02;00203;04;126;0017;2041;    ;339039;120000,00;
11;2041339039;100;120000,00;
10;2041449052;02;00203;04;126;0017;2041;    ;449052;5000,00;
11;2041449052;100;5000,00;
10;2042339030;02;00501;13;392;0015;2042;    ;339030;10000,00;
11;2042339030;100;10000,00;
10;2042339031;02;00501;13;392;0015;2042;    ;339031;5000,00;
11;2042339031;100;5000,00;
10;2042339032;02;00501;13;392;0015;2042;    ;339032;5000,00;
11;2042339032;100;5000,00;
10;2042339036;02;00501;13;392;0015;2042;    ;339036;10000,00;
11;2042339036;100;10000,00;
10;2042339039;02;00501;13;392;0015;2042;    ;339039;100000,00;
11;2042339039;100;100000,00;
10;2046339030;02;00502;13;392;0019;2046;    ;339030;1,00;
11;2046339030;100;1,00;
10;2046339036;02;00502;13;392;0019;2046;    ;339036;20000,00;
11;2046339036;100;20000,00;
10;2046339039;02;00502;13;392;0019;2046;    ;339039;2,00;
11;2046339039;100;1,00;
11;2046339039;124;1,00;
10;2048339030;02;00503;13;391;0020;2048;    ;339030;3000,00;
11;2048339030;100;3000,00;
10;2048339036;02;00503;13;391;0020;2048;    ;339036;5000,00;
11;2048339036;100;5000,00;
10;2048339039;02;00503;13;391;0020;2048;    ;339039;20001,00;
11;2048339039;100;20000,00;
11;2048339039;124;1,00;
10;2049335043;02;00503;13;391;0020;2049;    ;335043;40000,00;
11;2049335043;100;40000,00;
10;2049339030;02;00503;13;391;0020;2049;    ;339030;5000,00;
11;2049339030;100;5000,00;
10;2049339036;02;00503;13;391;0020;2049;    ;339036;20000,00;
11;2049339036;100;20000,00;
10;2049339039;02;00503;13;391;0020;2049;    ;339039;112001,00;
11;2049339039;100;112000,00;
11;2049339039;124;1,00;
10;2050339030;02;00503;13;391;0020;2050;    ;339030;5000,00;
11;2050339030;100;5000,00;
10;2050339036;02;00503;13;391;0020;2050;    ;339036;5000,00;
11;2050339036;100;5000,00;
10;2050339039;02;00503;13;391;0020;2050;    ;339039;115001,00;
11;2050339039;124;1,00;
11;2050339039;100;115000,00;
10;2056339030;02;00901;12;367;0024;2056;    ;339030;3299,00;
11;2056339030;101;298,00;
11;2056339030;144;3000,00;
11;2056339030;100;1,00;
10;2056339036;02;00901;12;367;0024;2056;    ;339036;2,00;
11;2056339036;101;1,00;
11;2056339036;100;1,00;
10;2056339039;02;00901;12;367;0024;2056;    ;339039;299,00;
11;2056339039;101;1,00;
11;2056339039;100;298,00;
10;2059339030;02;00901;12;365;0025;2059;    ;339030;300793,00;
11;2059339030;100;397,00;
11;2059339030;101;90099,00;
11;2059339030;146;209900,00;
11;2059339030;147;397,00;
10;2059339032;02;00901;12;365;0025;2059;    ;339032;3,00;
11;2059339032;101;1,00;
11;2059339032;147;1,00;
11;2059339032;100;1,00;
10;2059339036;02;00901;12;365;0025;2059;    ;339036;5002,00;
11;2059339036;100;1,00;
11;2059339036;101;5000,00;
11;2059339036;147;1,00;
10;2059339039;02;00901;12;365;0025;2059;    ;339039;130002,00;
11;2059339039;147;1,00;
11;2059339039;101;130000,00;
11;2059339039;100;1,00;
10;2060339030;02;00901;12;365;0025;2060;    ;339030;212897,00;
11;2060339030;147;33099,00;
11;2060339030;101;60000,00;
11;2060339030;100;3198,00;
11;2060339030;146;116600,00;
10;2060339036;02;00901;12;365;0025;2060;    ;339036;20002,00;
11;2060339036;100;1,00;
11;2060339036;147;1,00;
11;2060339036;101;20000,00;
10;2060339039;02;00901;12;365;0025;2060;    ;339039;250001,00;
11;2060339039;101;150000,00;
11;2060339039;100;1,00;
11;2060339039;146;40000,00;
11;2060339039;147;60000,00;
10;2061339030;02;00901;12;361;0027;2061;    ;339030;145298,00;
11;2061339030;147;1,00;
11;2061339030;100;10297,00;
11;2061339030;101;135000,00;
10;2061339032;02;00901;12;361;0027;2061;    ;339032;25002,00;
11;2061339032;147;1,00;
11;2061339032;100;1,00;
11;2061339032;101;25000,00;
10;2061339036;02;00901;12;361;0027;2061;    ;339036;3,00;
11;2061339036;147;1,00;
11;2061339036;100;1,00;
11;2061339036;101;1,00;
10;2061339039;02;00901;12;361;0027;2061;    ;339039;90497,00;
11;2061339039;147;397,00;
11;2061339039;101;90099,00;
11;2061339039;100;1,00;
10;2062339030;02;00901;12;365;0026;2062;    ;339030;130694,00;
11;2062339030;147;397,00;
11;2062339030;101;125000,00;
11;2062339030;100;5297,00;
10;2062339032;02;00901;12;365;0026;2062;    ;339032;3,00;
11;2062339032;101;1,00;
11;2062339032;147;1,00;
11;2062339032;100;1,00;
10;2062339036;02;00901;12;365;0026;2062;    ;339036;3,00;
11;2062339036;100;1,00;
11;2062339036;101;1,00;
11;2062339036;147;1,00;
10;2062339039;02;00901;12;365;0026;2062;    ;339039;90200,00;
11;2062339039;100;1,00;
11;2062339039;101;90198,00;
11;2062339039;147;1,00;
10;2063339030;02;00901;12;365;0026;2063;    ;339030;58496,00;
11;2063339030;147;43099,00;
11;2063339030;100;298,00;
11;2063339030;101;15099,00;
10;2063339036;02;00901;12;365;0026;2063;    ;339036;3,00;
11;2063339036;100;1,00;
11;2063339036;147;1,00;
11;2063339036;101;1,00;
10;2063339039;02;00901;12;365;0026;2063;    ;339039;85001,00;
11;2063339039;101;25000,00;
11;2063339039;147;60000,00;
11;2063339039;100;1,00;
10;2064319004;02;00702;08;244;0023;2064;    ;319004;39000,00;
11;2064319004;100;19000,00;
11;2064319004;129;20000,00;
10;2064319011;02;00702;08;244;0023;2064;    ;319011;84000,00;
11;2064319011;129;26000,00;
11;2064319011;100;58000,00;
10;2064319016;02;00702;08;244;0023;2064;    ;319016;1,00;
11;2064319016;100;1,00;
10;2064339030;02;00702;08;244;0023;2064;    ;339030;63000,00;
11;2064339030;100;3000,00;
11;2064339030;129;60000,00;
10;2064339036;02;00702;08;244;0023;2064;    ;339036;13000,00;
11;2064339036;129;8000,00;
11;2064339036;100;5000,00;
10;2064339039;02;00702;08;244;0023;2064;    ;339039;50000,00;
11;2064339039;129;43000,00;
11;2064339039;100;7000,00;
10;2068339030;02;00702;08;244;0028;2068;    ;339030;1,00;
11;2068339030;129;1,00;
10;2068339036;02;00702;08;244;0028;2068;    ;339036;1,00;
11;2068339036;129;1,00;
10;2068339039;02;00702;08;244;0028;2068;    ;339039;1,00;
11;2068339039;129;1,00;
10;2070319004;02;00901;12;365;0025;2070;    ;319004;1175495,00;
11;2070319004;119;200000,00;
11;2070319004;118;300297,00;
11;2070319004;100;25198,00;
11;2070319004;101;650000,00;
10;2070319011;02;00901;12;365;0025;2070;    ;319011;4400298,00;
11;2070319011;118;3100000,00;
11;2070319011;119;1050000,00;
11;2070319011;100;1,00;
11;2070319011;101;250297,00;
10;2070319016;02;00901;12;365;0025;2070;    ;319016;4,00;
11;2070319016;100;1,00;
11;2070319016;101;1,00;
11;2070319016;118;1,00;
11;2070319016;119;1,00;
10;2070339008;02;00901;12;365;0025;2070;    ;339008;30102,00;
11;2070339008;101;1,00;
11;2070339008;100;1,00;
11;2070339008;118;1,00;
11;2070339008;119;30099,00;
10;2070339046;02;00901;12;365;0025;2070;    ;339046;75099,00;
11;2070339046;100;75099,00;
10;2070339093;02;00901;12;365;0025;2070;    ;339093;27002,00;
11;2070339093;118;1,00;
11;2070339093;119;20000,00;
11;2070339093;101;1,00;
11;2070339093;100;7000,00;
10;2072319004;02;00901;12;365;0026;2072;    ;319004;740000,00;
11;2072319004;118;200000,00;
11;2072319004;101;430000,00;
11;2072319004;100;10000,00;
11;2072319004;119;100000,00;
10;2072319011;02;00901;12;365;0026;2072;    ;319011;3064552,75;
11;2072319011;101;589297,00;
11;2072319011;118;2170057,75;
11;2072319011;100;5198,00;
11;2072319011;119;300000,00;
10;2072319016;02;00901;12;365;0026;2072;    ;319016;3003,00;
11;2072319016;118;1,00;
11;2072319016;100;1,00;
11;2072319016;101;1,00;
11;2072319016;119;3000,00;
10;2072339008;02;00901;12;365;0026;2072;    ;339008;3503,00;
11;2072339008;101;1,00;
11;2072339008;119;3500,00;
11;2072339008;100;1,00;
11;2072339008;118;1,00;
10;2072339046;02;00901;12;365;0026;2072;    ;339046;20000,00;
11;2072339046;100;20000,00;
10;2072339093;02;00901;12;365;0026;2072;    ;339093;11002,00;
11;2072339093;101;1,00;
11;2072339093;100;3000,00;
11;2072339093;119;8000,00;
11;2072339093;118;1,00;
10;2073339030;02;00901;12;361;0027;2073;    ;339030;137704,00;
11;2073339030;100;5000,00;
11;2073339030;101;100000,00;
11;2073339030;147;32704,00;
10;2073339036;02;00901;12;361;0027;2073;    ;339036;21001,00;
11;2073339036;100;1000,00;
11;2073339036;101;20000,00;
11;2073339036;147;1,00;
10;2073339039;02;00901;12;361;0027;2073;    ;339039;215000,00;
11;2073339039;147;50000,00;
11;2073339039;101;160000,00;
11;2073339039;100;5000,00;
10;2074319004;02;00901;12;361;0027;2074;    ;319004;1800000,00;
11;2074319004;118;250000,00;
11;2074319004;100;100000,00;
11;2074319004;101;1250000,00;
11;2074319004;119;200000,00;
10;2074319005;02;00901;12;361;0027;2074;    ;319005;20000,00;
11;2074319005;101;20000,00;
10;2074319011;02;00901;12;361;0027;2074;    ;319011;4452714,25;
11;2074319011;101;1216000,00;
11;2074319011;119;1036714,25;
11;2074319011;118;2100000,00;
11;2074319011;100;100000,00;
10;2074319016;02;00901;12;361;0027;2074;    ;319016;20501,00;
11;2074319016;100;1,00;
11;2074319016;101;499,00;
11;2074319016;118;1,00;
11;2074319016;119;20000,00;
10;2074339008;02;00901;12;361;0027;2074;    ;339008;28697,00;
11;2074339008;100;2599,00;
11;2074339008;119;15000,00;
11;2074339008;101;10000,00;
11;2074339008;118;1098,00;
10;2074339046;02;00901;12;361;0027;2074;    ;339046;61000,00;
11;2074339046;100;61000,00;
10;2074339093;02;00901;12;361;0027;2074;    ;339093;42502,00;
11;2074339093;118;1,00;
11;2074339093;100;16000,00;
11;2074339093;101;1,00;
11;2074339093;119;26500,00;
10;2077339014;02;00901;12;363;0029;2077;    ;339014;1,00;
11;2077339014;100;1,00;
10;2077339030;02;00901;12;363;0029;2077;    ;339030;1000,00;
11;2077339030;100;1000,00;
10;2077339039;02;00901;12;363;0029;2077;    ;339039;1396,00;
11;2077339039;100;1396,00;
10;2077339041;02;00901;12;363;0029;2077;    ;339041;1,00;
11;2077339041;100;1,00;
10;2077339093;02;00901;12;363;0029;2077;    ;339093;1,00;
11;2077339093;100;1,00;
10;2077449052;02;00901;12;363;0029;2077;    ;449052;1,00;
11;2077449052;100;1,00;
10;2078339014;02;00901;12;364;0030;2078;    ;339014;1,00;
11;2078339014;100;1,00;
10;2078339030;02;00901;12;364;0030;2078;    ;339030;1000,00;
11;2078339030;100;1000,00;
10;2078339036;02;00901;12;364;0030;2078;    ;339036;1000,00;
11;2078339036;100;1000,00;
10;2078339039;02;00901;12;364;0030;2078;    ;339039;1597,00;
11;2078339039;100;1597,00;
10;2078339041;02;00901;12;364;0030;2078;    ;339041;1,00;
11;2078339041;100;1,00;
10;2078449052;02;00901;12;364;0030;2078;    ;449052;1,00;
11;2078449052;100;1,00;
10;2079319004;02;00901;12;364;0030;2079;    ;319004;1000,00;
11;2079319004;100;1000,00;
10;2079319011;02;00901;12;364;0030;2079;    ;319011;100396,00;
11;2079319011;100;100396,00;
10;2079319016;02;00901;12;364;0030;2079;    ;319016;1,00;
11;2079319016;100;1,00;
10;2079339008;02;00901;12;364;0030;2079;    ;339008;1,00;
11;2079339008;100;1,00;
10;2079339046;02;00901;12;364;0030;2079;    ;339046;1,00;
11;2079339046;100;1,00;
10;2079339093;02;00901;12;364;0030;2079;    ;339093;1,00;
11;2079339093;100;1,00;
10;2080339030;02;00901;12;365;0031;2080;    ;339030;336100,00;
11;2080339030;144;201000,00;
11;2080339030;147;100,00;
11;2080339030;100;135000,00;
10;2081339030;02;00901;12;366;0031;2081;    ;339030;7100,00;
11;2081339030;100;100,00;
11;2081339030;144;7000,00;
10;2082339030;02;00901;12;361;0031;2082;    ;339030;276001,00;
11;2082339030;144;136000,00;
11;2082339030;147;1,00;
11;2082339030;100;140000,00;
10;2083339030;02;00901;12;365;0031;2083;    ;339030;311413,00;
11;2083339030;144;201313,00;
11;2083339030;147;100,00;
11;2083339030;100;110000,00;
10;2086339030;02;00901;12;361;0032;2086;    ;339030;50399,00;
11;2086339030;122;1,00;
11;2086339030;100;397,00;
11;2086339030;145;1,00;
11;2086339030;101;50000,00;
10;2086339036;02;00901;12;361;0032;2086;    ;339036;45102,00;
11;2086339036;122;1,00;
11;2086339036;101;45099,00;
11;2086339036;145;1,00;
11;2086339036;100;1,00;
10;2086339039;02;00901;12;361;0032;2086;    ;339039;681775,00;
11;2086339039;122;299993,00;
11;2086339039;100;1,00;
11;2086339039;101;320000,00;
11;2086339039;145;61781,00;
10;2086449052;02;00901;12;361;0032;2086;    ;449052;4,00;
11;2086449052;122;1,00;
11;2086449052;145;1,00;
11;2086449052;100;1,00;
11;2086449052;101;1,00;
10;2087339030;02;00901;12;362;0032;2087;    ;339030;20002,00;
11;2087339030;122;1,00;
11;2087339030;100;20000,00;
11;2087339030;145;1,00;
10;2087339036;02;00901;12;362;0032;2087;    ;339036;3,00;
11;2087339036;122;1,00;
11;2087339036;145;1,00;
11;2087339036;100;1,00;
10;2087339039;02;00901;12;362;0032;2087;    ;339039;21097,00;
11;2087339039;145;17997,00;
11;2087339039;122;1,00;
11;2087339039;100;3099,00;
10;2087449052;02;00901;12;362;0032;2087;    ;449052;2,00;
11;2087449052;122;1,00;
11;2087449052;145;1,00;
10;2089319004;02;00702;08;244;0034;2089;    ;319004;50000,00;
11;2089319004;129;30000,00;
11;2089319004;100;20000,00;
10;2089319011;02;00702;08;244;0034;2089;    ;319011;16600,00;
11;2089319011;100;10000,00;
11;2089319011;129;6600,00;
10;2089319016;02;00702;08;244;0034;2089;    ;319016;1,00;
11;2089319016;100;1,00;
10;2089339030;02;00702;08;244;0034;2089;    ;339030;34401,00;
11;2089339030;100;1,00;
11;2089339030;129;34400,00;
10;2089339036;02;00702;08;244;0034;2089;    ;339036;5001,00;
11;2089339036;100;1,00;
11;2089339036;129;5000,00;
10;2089339039;02;00702;08;244;0034;2089;    ;339039;39000,00;
11;2089339039;100;10000,00;
11;2089339039;129;29000,00;
10;2090319004;02;00702;08;243;0028;2090;    ;319004;144001,00;
11;2090319004;129;1,00;
11;2090319004;100;144000,00;
10;2090319011;02;00702;08;243;0028;2090;    ;319011;84001,00;
11;2090319011;129;1,00;
11;2090319011;100;84000,00;
10;2090319016;02;00702;08;243;0028;2090;    ;319016;5001,00;
11;2090319016;129;1,00;
11;2090319016;100;5000,00;
10;2090335041;02;00702;08;243;0028;2090;    ;335041;18000,00;
11;2090335041;129;18000,00;
10;2090339030;02;00702;08;243;0028;2090;    ;339030;75000,00;
11;2090339030;129;50000,00;
11;2090339030;156;17000,00;
11;2090339030;100;8000,00;
10;2090339036;02;00702;08;243;0028;2090;    ;339036;2000,00;
11;2090339036;100;2000,00;
10;2090339039;02;00702;08;243;0028;2090;    ;339039;23000,00;
11;2090339039;156;7000,00;
11;2090339039;129;10000,00;
11;2090339039;100;6000,00;
10;2091335041;02;00703;08;243;0035;2091;    ;335041;200000,00;
11;2091335041;100;200000,00;
10;2091339014;02;00703;08;243;0035;2091;    ;339014;1000,00;
11;2091339014;100;1000,00;
10;2091339036;02;00703;08;243;0035;2091;    ;339036;1000,00;
11;2091339036;100;1000,00;
10;2091339039;02;00703;08;243;0035;2091;    ;339039;3000,00;
11;2091339039;100;3000,00;
10;2091445041;02;00703;08;243;0035;2091;    ;445041;20000,00;
11;2091445041;100;20000,00;
10;2092335041;02;00704;08;241;0036;2092;    ;335041;1,00;
11;2092335041;100;1,00;
10;2092445041;02;00704;08;241;0036;2092;    ;445041;1,00;
11;2092445041;100;1,00;
10;2097337170;02;00801;15;451;0039;2097;    ;337170;450000,00;
11;2097337170;117;450000,00;
10;2097339030;02;00801;15;451;0039;2097;    ;339030;1,00;
11;2097339030;100;1,00;
10;2097339036;02;00801;15;451;0039;2097;    ;339036;2,00;
11;2097339036;117;1,00;
11;2097339036;100;1,00;
10;2097339039;02;00801;15;451;0039;2097;    ;339039;3325000,00;
11;2097339039;117;3050000,00;
11;2097339039;100;275000,00;
10;2097449052;02;00801;15;451;0039;2097;    ;449052;10001,00;
11;2097449052;117;10000,00;
11;2097449052;100;1,00;
10;2100319004;02;01402;10;303;0041;2100;    ;319004;50000,00;
11;2100319004;102;50000,00;
10;2100319011;02;01402;10;303;0041;2100;    ;319011;115000,00;
11;2100319011;102;115000,00;
10;2100319016;02;01402;10;303;0041;2100;    ;319016;500,00;
11;2100319016;102;500,00;
10;2100335041;02;01402;10;303;0041;2100;    ;335041;90000,00;
11;2100335041;102;90000,00;
10;2100339008;02;01402;10;303;0041;2100;    ;339008;650,00;
11;2100339008;102;650,00;
10;2100339014;02;01402;10;303;0041;2100;    ;339014;500,00;
11;2100339014;148;500,00;
10;2100339030;02;01402;10;303;0041;2100;    ;339030;405400,00;
11;2100339030;148;364400,00;
11;2100339030;102;1000,00;
11;2100339030;155;40000,00;
10;2100339036;02;01402;10;303;0041;2100;    ;339036;500,00;
11;2100339036;148;500,00;
10;2100339039;02;01402;10;303;0041;2100;    ;339039;500,00;
11;2100339039;148;500,00;
10;2100339046;02;01402;10;303;0041;2100;    ;339046;5500,00;
11;2100339046;100;5500,00;
10;2100339091;02;01402;10;303;0041;2100;    ;339091;25500,00;
11;2100339091;148;500,00;
11;2100339091;102;25000,00;
10;2100449052;02;01402;10;303;0041;2100;    ;449052;500,00;
11;2100449052;148;500,00;
10;2102319004;02;01402;10;302;0042;2102;    ;319004;340500,00;
11;2102319004;102;340000,00;
11;2102319004;149;500,00;
10;2102319011;02;01402;10;302;0042;2102;    ;319011;385000,00;
11;2102319011;102;325000,00;
11;2102319011;149;60000,00;
10;2102319016;02;01402;10;302;0042;2102;    ;319016;500,00;
11;2102319016;102;500,00;
10;2102339008;02;01402;10;302;0042;2102;    ;339008;45000,00;
11;2102339008;102;45000,00;
10;2102339014;02;01402;10;302;0042;2102;    ;339014;1000,00;
11;2102339014;102;500,00;
11;2102339014;149;500,00;
10;2102339030;02;01402;10;302;0042;2102;    ;339030;89000,00;
11;2102339030;149;34000,00;
11;2102339030;155;50000,00;
11;2102339030;102;5000,00;
10;2102339034;02;01402;10;302;0042;2102;    ;339034;1000,00;
11;2102339034;149;500,00;
11;2102339034;102;500,00;
10;2102339036;02;01402;10;302;0042;2102;    ;339036;1500,00;
11;2102339036;149;1000,00;
11;2102339036;102;500,00;
10;2102339039;02;01402;10;302;0042;2102;    ;339039;35500,00;
11;2102339039;149;35000,00;
11;2102339039;102;500,00;
10;2102339046;02;01402;10;302;0042;2102;    ;339046;20000,00;
11;2102339046;100;20000,00;
10;2102339093;02;01402;10;302;0042;2102;    ;339093;500,00;
11;2102339093;102;500,00;
10;2102449052;02;01402;10;302;0042;2102;    ;449052;1000,00;
11;2102449052;149;500,00;
11;2102449052;102;500,00;
10;2103319004;02;01402;10;302;0042;2103;    ;319004;390000,00;
11;2103319004;102;390000,00;
10;2103319011;02;01402;10;302;0042;2103;    ;319011;1535000,00;
11;2103319011;102;1535000,00;
10;2103319016;02;01402;10;302;0042;2103;    ;319016;5000,00;
11;2103319016;102;5000,00;
10;2103335041;02;01402;10;302;0042;2103;    ;335041;18000,00;
11;2103335041;102;18000,00;
10;2103339008;02;01402;10;302;0042;2103;    ;339008;36000,00;
11;2103339008;102;36000,00;
10;2103339014;02;01402;10;302;0042;2103;    ;339014;2299,00;
11;2103339014;102;1799,00;
11;2103339014;149;500,00;
10;2103339030;02;01402;10;302;0042;2103;    ;339030;28000,00;
11;2103339030;149;8000,00;
11;2103339030;102;20000,00;
10;2103339034;02;01402;10;302;0042;2103;    ;339034;730000,00;
11;2103339034;149;130000,00;
11;2103339034;102;600000,00;
10;2103339036;02;01402;10;302;0042;2103;    ;339036;501,00;
11;2103339036;102;1,00;
11;2103339036;149;500,00;
10;2103339039;02;01402;10;302;0042;2103;    ;339039;1772000,00;
11;2103339039;102;1000000,00;
11;2103339039;149;772000,00;
10;2103339046;02;01402;10;302;0042;2103;    ;339046;48000,00;
11;2103339046;100;48000,00;
10;2103339091;02;01402;10;302;0042;2103;    ;339091;50000,00;
11;2103339091;102;50000,00;
10;2103339093;02;01402;10;302;0042;2103;    ;339093;5000,00;
11;2103339093;102;5000,00;
10;2103449052;02;01402;10;302;0042;2103;    ;449052;300500,00;
11;2103449052;149;500,00;
11;2103449052;153;300000,00;
10;2104319004;02;01402;10;302;0042;2104;    ;319004;112500,00;
11;2104319004;102;112000,00;
11;2104319004;149;500,00;
10;2104319011;02;01402;10;302;0042;2104;    ;319011;430500,00;
11;2104319011;149;500,00;
11;2104319011;102;430000,00;
10;2104319016;02;01402;10;302;0042;2104;    ;319016;500,00;
11;2104319016;102;500,00;
10;2104339008;02;01402;10;302;0042;2104;    ;339008;8000,00;
11;2104339008;102;8000,00;
10;2104339014;02;01402;10;302;0042;2104;    ;339014;1000,00;
11;2104339014;155;500,00;
11;2104339014;149;500,00;
10;2104339030;02;01402;10;302;0042;2104;    ;339030;71000,00;
11;2104339030;155;50000,00;
11;2104339030;102;1000,00;
11;2104339030;149;20000,00;
10;2104339036;02;01402;10;302;0042;2104;    ;339036;17000,00;
11;2104339036;149;15000,00;
11;2104339036;102;1000,00;
11;2104339036;155;1000,00;
10;2104339039;02;01402;10;302;0042;2104;    ;339039;59000,00;
11;2104339039;149;38000,00;
11;2104339039;102;1000,00;
11;2104339039;155;20000,00;
10;2104339046;02;01402;10;302;0042;2104;    ;339046;15000,00;
11;2104339046;100;15000,00;
10;2104339093;02;01402;10;302;0042;2104;    ;339093;5500,00;
11;2104339093;102;5000,00;
11;2104339093;149;500,00;
10;2104449052;02;01402;10;302;0042;2104;    ;449052;1000,00;
11;2104449052;155;500,00;
11;2104449052;149;500,00;
10;2105339014;02;01402;10;302;0042;2105;    ;339014;800,00;
11;2105339014;155;300,00;
11;2105339014;102;500,00;
10;2105339030;02;01402;10;302;0042;2105;    ;339030;1,00;
11;2105339030;155;1,00;
10;2105339036;02;01402;10;302;0042;2105;    ;339036;1,00;
11;2105339036;155;1,00;
10;2105339039;02;01402;10;302;0042;2105;    ;339039;36198,00;
11;2105339039;155;36198,00;
10;2106339014;02;01402;10;302;0042;2106;    ;339014;45000,00;
11;2106339014;102;45000,00;
10;2106339030;02;01402;10;302;0042;2106;    ;339030;92000,00;
11;2106339030;102;92000,00;
10;2106339036;02;01402;10;302;0042;2106;    ;339036;500,00;
11;2106339036;102;500,00;
10;2106339039;02;01402;10;302;0042;2106;    ;339039;1372000,00;
11;2106339039;102;1372000,00;
10;2106339093;02;01402;10;302;0042;2106;    ;339093;5000,00;
11;2106339093;102;5000,00;
10;2108319004;02;01402;10;122;0044;2108;    ;319004;1,00;
11;2108319004;155;1,00;
10;2108319011;02;01402;10;122;0044;2108;    ;319011;25198,00;
11;2108319011;155;25198,00;
10;2108319016;02;01402;10;122;0044;2108;    ;319016;1,00;
11;2108319016;155;1,00;
10;2108339014;02;01402;10;122;0044;2108;    ;339014;1,00;
11;2108339014;155;1,00;
10;2108339030;02;01402;10;122;0044;2108;    ;339030;496,00;
11;2108339030;155;496,00;
10;2108339036;02;01402;10;122;0044;2108;    ;339036;1,00;
11;2108339036;155;1,00;
10;2108339039;02;01402;10;122;0044;2108;    ;339039;1,00;
11;2108339039;155;1,00;
10;2108339093;02;01402;10;122;0044;2108;    ;339093;1,00;
11;2108339093;155;1,00;
10;2109339036;02;01402;10;122;0044;2109;    ;339036;18000,00;
11;2109339036;102;18000,00;
10;2109339039;02;01402;10;122;0044;2109;    ;339039;7500,00;
11;2109339039;102;7500,00;
10;2112319004;02;01402;10;122;0044;2112;    ;319004;38500,00;
11;2112319004;102;38500,00;
10;2112319011;02;01402;10;122;0044;2112;    ;319011;1335000,00;
11;2112319011;102;1335000,00;
10;2112319016;02;01402;10;122;0044;2112;    ;319016;57000,00;
11;2112319016;102;57000,00;
10;2112339008;02;01402;10;122;0044;2112;    ;339008;41000,00;
11;2112339008;102;41000,00;
10;2112339046;02;01402;10;122;0044;2112;    ;339046;128000,00;
11;2112339046;100;128000,00;
10;2112339093;02;01402;10;122;0044;2112;    ;339093;14649,60;
11;2112339093;102;14649,60;
10;2113319004;02;01402;10;301;0043;2113;    ;319004;400000,00;
11;2113319004;102;400000,00;
10;2113319011;02;01402;10;301;0043;2113;    ;319011;1032550,00;
11;2113319011;102;1032550,00;
10;2113319016;02;01402;10;301;0043;2113;    ;319016;1198,00;
11;2113319016;102;1198,00;
10;2113339008;02;01402;10;301;0043;2113;    ;339008;19000,00;
11;2113339008;102;19000,00;
10;2113339014;02;01402;10;301;0043;2113;    ;339014;600,00;
11;2113339014;102;1,00;
11;2113339014;148;599,00;
10;2113339030;02;01402;10;301;0043;2113;    ;339030;75000,00;
11;2113339030;155;40000,00;
11;2113339030;148;30000,00;
11;2113339030;102;5000,00;
10;2113339036;02;01402;10;301;0043;2113;    ;339036;324000,00;
11;2113339036;148;322000,00;
11;2113339036;102;1000,00;
11;2113339036;155;1000,00;
10;2113339039;02;01402;10;301;0043;2113;    ;339039;29500,00;
11;2113339039;148;27500,00;
11;2113339039;102;1000,00;
11;2113339039;155;1000,00;
10;2113339046;02;01402;10;301;0043;2113;    ;339046;45000,00;
11;2113339046;100;45000,00;
10;2113339093;02;01402;10;301;0043;2113;    ;339093;2,00;
11;2113339093;148;1,00;
11;2113339093;102;1,00;
10;2113449052;02;01402;10;301;0043;2113;    ;449052;8000,00;
11;2113449052;155;8000,00;
10;2114319004;02;01402;10;301;0043;2114;    ;319004;1300000,00;
11;2114319004;102;1300000,00;
10;2114319011;02;01402;10;301;0043;2114;    ;319011;2195000,00;
11;2114319011;102;2195000,00;
10;2114319016;02;01402;10;301;0043;2114;    ;319016;2198,00;
11;2114319016;102;2198,00;
10;2114332041;02;01402;10;301;0043;2114;    ;332041;1,00;
11;2114332041;102;1,00;
10;2114339008;02;01402;10;301;0043;2114;    ;339008;40000,00;
11;2114339008;102;40000,00;
10;2114339014;02;01402;10;301;0043;2114;    ;339014;501,00;
11;2114339014;102;1,00;
11;2114339014;148;500,00;
10;2114339030;02;01402;10;301;0043;2114;    ;339030;421196,00;
11;2114339030;155;91097,00;
11;2114339030;102;5000,00;
11;2114339030;148;325099,00;
10;2114339036;02;01402;10;301;0043;2114;    ;339036;1155001,00;
11;2114339036;148;1070000,00;
11;2114339036;102;85000,00;
11;2114339036;155;1,00;
10;2114339039;02;01402;10;301;0043;2114;    ;339039;301001,00;
11;2114339039;102;1000,00;
11;2114339039;148;300000,00;
11;2114339039;155;1,00;
10;2114339046;02;01402;10;301;0043;2114;    ;339046;68000,00;
11;2114339046;100;68000,00;
10;2114339091;02;01402;10;301;0043;2114;    ;339091;1000,00;
11;2114339091;102;1000,00;
10;2114339093;02;01402;10;301;0043;2114;    ;339093;15001,00;
11;2114339093;102;15000,00;
11;2114339093;148;1,00;
10;2114449052;02;01402;10;301;0043;2114;    ;449052;165201,00;
11;2114449052;123;165200,00;
11;2114449052;155;1,00;
10;2116335043;02;01402;10;305;0046;2116;    ;335043;18000,00;
11;2116335043;102;18000,00;
10;2116339030;02;01402;10;305;0046;2116;    ;339030;2000,00;
11;2116339030;150;2000,00;
10;2116339036;02;01402;10;305;0046;2116;    ;339036;500,00;
11;2116339036;150;500,00;
10;2116339039;02;01402;10;305;0046;2116;    ;339039;1000,00;
11;2116339039;150;1000,00;
10;2116449052;02;01402;10;305;0046;2116;    ;449052;500,00;
11;2116449052;150;500,00;
10;2119319004;02;01402;10;304;0046;2119;    ;319004;995,00;
11;2119319004;102;995,00;
10;2119319016;02;01402;10;304;0046;2119;    ;319016;1,00;
11;2119319016;102;1,00;
10;2119319113;02;01402;10;304;0046;2119;    ;319113;120000,00;
11;2119319113;102;120000,00;
10;2119339008;02;01402;10;304;0046;2119;    ;339008;5000,00;
11;2119339008;102;5000,00;
10;2119339014;02;01402;10;304;0046;2119;    ;339014;300,00;
11;2119339014;150;300,00;
10;2119339030;02;01402;10;304;0046;2119;    ;339030;10200,00;
11;2119339030;102;1,00;
11;2119339030;150;10000,00;
11;2119339030;155;199,00;
10;2119339036;02;01402;10;304;0046;2119;    ;339036;201,00;
11;2119339036;102;1,00;
11;2119339036;150;200,00;
10;2119339039;02;01402;10;304;0046;2119;    ;339039;17001,00;
11;2119339039;150;17000,00;
11;2119339039;102;1,00;
10;2119339046;02;01402;10;304;0046;2119;    ;339046;1500,00;
11;2119339046;100;1500,00;
10;2119339093;02;01402;10;304;0046;2119;    ;339093;1,00;
11;2119339093;102;1,00;
10;2119449052;02;01402;10;304;0046;2119;    ;449052;1,00;
11;2119449052;155;1,00;
10;2122339014;02;01402;10;306;0046;2122;    ;339014;1,00;
11;2122339014;155;1,00;
10;2122339030;02;01402;10;306;0046;2122;    ;339030;993,00;
11;2122339030;150;298,00;
11;2122339030;155;496,00;
11;2122339030;102;199,00;
10;2122339036;02;01402;10;306;0046;2122;    ;339036;2,00;
11;2122339036;155;1,00;
11;2122339036;150;1,00;
10;2122339039;02;01402;10;306;0046;2122;    ;339039;3,00;
11;2122339039;102;1,00;
11;2122339039;150;1,00;
11;2122339039;155;1,00;
10;2122449052;02;01402;10;306;0046;2122;    ;449052;1,00;
11;2122449052;155;1,00;
10;2123319004;02;00901;12;363;0029;2123;    ;319004;1,00;
11;2123319004;100;1,00;
10;2123319011;02;00901;12;363;0029;2123;    ;319011;75495,00;
11;2123319011;100;75495,00;
10;2123319016;02;00901;12;363;0029;2123;    ;319016;1,00;
11;2123319016;100;1,00;
10;2123339008;02;00901;12;363;0029;2123;    ;339008;1,00;
11;2123339008;100;1,00;
10;2123339046;02;00901;12;363;0029;2123;    ;339046;1,00;
11;2123339046;100;1,00;
10;2123339093;02;00901;12;363;0029;2123;    ;339093;1,00;
11;2123339093;100;1,00;
10;2124319004;02;01402;10;305;0046;2124;    ;319004;1170000,00;
11;2124319004;150;203000,00;
11;2124319004;102;967000,00;
10;2124319011;02;01402;10;305;0046;2124;    ;319011;85000,00;
11;2124319011;102;85000,00;
10;2124319016;02;01402;10;305;0046;2124;    ;319016;3797,00;
11;2124319016;102;3797,00;
10;2124339008;02;01402;10;305;0046;2124;    ;339008;2500,00;
11;2124339008;102;2500,00;
10;2124339014;02;01402;10;305;0046;2124;    ;339014;1001,00;
11;2124339014;150;1000,00;
11;2124339014;155;1,00;
10;2124339030;02;01402;10;305;0046;2124;    ;339030;55002,00;
11;2124339030;155;1,00;
11;2124339030;150;55000,00;
11;2124339030;102;1,00;
10;2124339036;02;01402;10;305;0046;2124;    ;339036;601,00;
11;2124339036;155;1,00;
11;2124339036;102;1,00;
11;2124339036;150;599,00;
10;2124339039;02;01402;10;305;0046;2124;    ;339039;68497,00;
11;2124339039;150;68000,00;
11;2124339039;155;496,00;
11;2124339039;102;1,00;
10;2124339046;02;01402;10;305;0046;2124;    ;339046;2000,00;
11;2124339046;100;2000,00;
10;2124339093;02;01402;10;305;0046;2124;    ;339093;500,00;
11;2124339093;102;500,00;
10;2124449052;02;01402;10;305;0046;2124;    ;449052;2,00;
11;2124449052;150;1,00;
11;2124449052;155;1,00;
10;2125339014;02;01402;10;305;0046;2125;    ;339014;1,00;
11;2125339014;102;1,00;
10;2125339030;02;01402;10;305;0046;2125;    ;339030;893,00;
11;2125339030;102;496,00;
11;2125339030;150;397,00;
10;2125339036;02;01402;10;305;0046;2125;    ;339036;2,00;
11;2125339036;150;1,00;
11;2125339036;102;1,00;
10;2125339039;02;01402;10;305;0046;2125;    ;339039;2,00;
11;2125339039;150;1,00;
11;2125339039;102;1,00;
10;2125339041;02;01402;10;305;0046;2125;    ;339041;2,00;
11;2125339041;150;1,00;
11;2125339041;102;1,00;
10;2132339030;02;00206;04;124;0007;2132;    ;339030;298,00;
11;2132339030;100;298,00;
10;2132339036;02;00206;04;124;0007;2132;    ;339036;1,00;
11;2132339036;100;1,00;
10;2132339039;02;00206;04;124;0007;2132;    ;339039;1,00;
11;2132339039;100;1,00;
10;2138339030;02;00401;04;122;0054;2138;    ;339030;5000,00;
11;2138339030;100;5000,00;
10;2138339036;02;00401;04;122;0054;2138;    ;339036;1,00;
11;2138339036;100;1,00;
10;2138339039;02;00401;04;122;0054;2138;    ;339039;50000,00;
11;2138339039;100;50000,00;
10;2138449051;02;00401;04;122;0054;2138;    ;449051;1,00;
11;2138449051;100;1,00;
10;2138449052;02;00401;04;122;0054;2138;    ;449052;1,00;
11;2138449052;100;1,00;
10;2139339030;02;00401;04;128;0056;2139;    ;339030;15000,00;
11;2139339030;100;15000,00;
10;2139339036;02;00401;04;128;0056;2139;    ;339036;1,00;
11;2139339036;100;1,00;
10;2139339039;02;00401;04;128;0056;2139;    ;339039;80000,00;
11;2139339039;100;80000,00;
10;2140339036;02;00401;04;128;0056;2140;    ;339036;50000,00;
11;2140339036;100;50000,00;
10;2141329091;02;00207;28;846;0002;2141;    ;329091;1,00;
11;2141329091;100;1,00;
10;2141339091;02;00207;28;846;0002;2141;    ;339091;300000,00;
11;2141339091;100;300000,00;
10;2142339030;02;00702;08;244;0021;2142;    ;339030;3000,00;
11;2142339030;129;3000,00;
10;2142339039;02;00702;08;244;0021;2142;    ;339039;1000,00;
11;2142339039;129;1000,00;
10;2144335041;02;00701;08;244;0058;2144;    ;335041;1,00;
11;2144335041;100;1,00;
10;2144335043;02;00701;08;244;0058;2144;    ;335043;626000,00;
11;2144335043;100;626000,00;
10;2147339030;02;00702;08;244;0023;2147;    ;339030;4000,00;
11;2147339030;129;4000,00;
10;2147339039;02;00702;08;244;0023;2147;    ;339039;1000,00;
11;2147339039;129;1000,00;
10;2150339030;02;00702;08;243;0028;2150;    ;339030;5000,00;
11;2150339030;100;5000,00;
10;2150339036;02;00702;08;243;0028;2150;    ;339036;26400,00;
11;2150339036;100;26400,00;
10;2150339039;02;00702;08;243;0028;2150;    ;339039;3000,00;
11;2150339039;100;3000,00;
10;2153319004;02;00202;04;131;0002;2153;    ;319004;1,00;
11;2153319004;100;1,00;
10;2153319011;02;00202;04;131;0002;2153;    ;319011;236900,00;
11;2153319011;100;236900,00;
10;2153319016;02;00202;04;131;0002;2153;    ;319016;1,00;
11;2153319016;100;1,00;
10;2153339008;02;00202;04;131;0002;2153;    ;339008;1,00;
11;2153339008;100;1,00;
10;2153339046;02;00202;04;131;0002;2153;    ;339046;1800,00;
11;2153339046;100;1800,00;
10;2153339093;02;00202;04;131;0002;2153;    ;339093;1,00;
11;2153339093;100;1,00;
10;2154319004;02;00203;04;122;0002;2154;    ;319004;1,00;
11;2154319004;100;1,00;
10;2154319011;02;00203;04;122;0002;2154;    ;319011;247200,00;
11;2154319011;100;247200,00;
10;2154319016;02;00203;04;122;0002;2154;    ;319016;1,00;
11;2154319016;100;1,00;
10;2154339008;02;00203;04;122;0002;2154;    ;339008;1000,00;
11;2154339008;100;1000,00;
10;2154339046;02;00203;04;122;0002;2154;    ;339046;2000,00;
11;2154339046;100;2000,00;
10;2154339093;02;00203;04;122;0002;2154;    ;339093;1000,00;
11;2154339093;100;1000,00;
10;2155319004;02;00204;04;122;0002;2155;    ;319004;1,00;
11;2155319004;100;1,00;
10;2155319011;02;00204;04;122;0002;2155;    ;319011;92700,00;
11;2155319011;100;92700,00;
10;2155319016;02;00204;04;122;0002;2155;    ;319016;1,00;
11;2155319016;100;1,00;
10;2155339008;02;00204;04;122;0002;2155;    ;339008;1,00;
11;2155339008;100;1,00;
10;2155339046;02;00204;04;122;0002;2155;    ;339046;1000,00;
11;2155339046;100;1000,00;
10;2155339093;02;00204;04;122;0002;2155;    ;339093;1,00;
11;2155339093;100;1,00;
10;2156319004;02;00205;08;122;0002;2156;    ;319004;1,00;
11;2156319004;100;1,00;
10;2156319011;02;00205;08;122;0002;2156;    ;319011;338000,00;
11;2156319011;100;338000,00;
10;2156319016;02;00205;08;122;0002;2156;    ;319016;1,00;
11;2156319016;100;1,00;
10;2156339008;02;00205;08;122;0002;2156;    ;339008;3200,00;
11;2156339008;100;3200,00;
10;2156339046;02;00205;08;122;0002;2156;    ;339046;5300,00;
11;2156339046;100;5300,00;
10;2156339093;02;00205;08;122;0002;2156;    ;339093;1,00;
11;2156339093;100;1,00;
10;2157319004;02;00206;04;122;0002;2157;    ;319004;1,00;
11;2157319004;100;1,00;
10;2157319011;02;00206;04;122;0002;2157;    ;319011;185400,00;
11;2157319011;100;185400,00;
10;2157319016;02;00206;04;122;0002;2157;    ;319016;1,00;
11;2157319016;100;1,00;
10;2157339008;02;00206;04;122;0002;2157;    ;339008;1750,00;
11;2157339008;100;1750,00;
10;2157339046;02;00206;04;122;0002;2157;    ;339046;2700,00;
11;2157339046;100;2700,00;
10;2157339093;02;00206;04;122;0002;2157;    ;339093;10000,00;
11;2157339093;100;10000,00;
10;2158319004;02;00207;04;122;0002;2158;    ;319004;1,00;
11;2158319004;100;1,00;
10;2158319011;02;00207;04;122;0002;2158;    ;319011;375000,00;
11;2158319011;100;375000,00;
10;2158319016;02;00207;04;122;0002;2158;    ;319016;1,00;
11;2158319016;100;1,00;
10;2158339008;02;00207;04;122;0002;2158;    ;339008;5200,00;
11;2158339008;100;5200,00;
10;2158339046;02;00207;04;122;0002;2158;    ;339046;5000,00;
11;2158339046;100;5000,00;
10;2158339093;02;00207;04;122;0002;2158;    ;339093;800,00;
11;2158339093;100;800,00;
10;2159319004;02;00301;04;122;0002;2159;    ;319004;1,00;
11;2159319004;100;1,00;
10;2159319011;02;00301;04;122;0002;2159;    ;319011;1565600,00;
11;2159319011;100;1565600,00;
10;2159319016;02;00301;04;122;0002;2159;    ;319016;1000,00;
11;2159319016;100;1000,00;
10;2159339008;02;00301;04;122;0002;2159;    ;339008;32000,00;
11;2159339008;100;32000,00;
10;2159339046;02;00301;04;122;0002;2159;    ;339046;35000,00;
11;2159339046;100;35000,00;
10;2159339093;02;00301;04;122;0002;2159;    ;339093;2000,00;
11;2159339093;100;2000,00;
10;2160319004;02;00401;04;122;0002;2160;    ;319004;1,00;
11;2160319004;100;1,00;
10;2160319011;02;00401;04;122;0002;2160;    ;319011;2394750,00;
11;2160319011;100;2394750,00;
10;2160319013;02;00401;04;122;0002;2160;    ;319013;782800,00;
11;2160319013;100;782800,00;
10;2160319016;02;00401;04;122;0002;2160;    ;319016;1800,00;
11;2160319016;100;1800,00;
10;2160319113;02;00401;04;122;0002;2160;    ;319113;1069140,00;
11;2160319113;100;1069140,00;
10;2160329091;02;00401;04;122;0002;2160;    ;329091;15200,00;
11;2160329091;100;15200,00;
10;2160339008;02;00401;04;122;0002;2160;    ;339008;170000,00;
11;2160339008;100;170000,00;
10;2160339041;02;00401;04;122;0002;2160;    ;339041;90000,00;
11;2160339041;100;90000,00;
10;2160339046;02;00401;04;122;0002;2160;    ;339046;55000,00;
11;2160339046;100;55000,00;
10;2160339049;02;00401;04;122;0002;2160;    ;339049;40000,00;
11;2160339049;100;40000,00;
10;2160339093;02;00401;04;122;0002;2160;    ;339093;3000,00;
11;2160339093;100;3000,00;
10;2161319004;02;00501;13;122;0002;2161;    ;319004;1,00;
11;2161319004;100;1,00;
10;2161319011;02;00501;13;122;0002;2161;    ;319011;357000,00;
11;2161319011;100;357000,00;
10;2161319016;02;00501;13;122;0002;2161;    ;319016;1,00;
11;2161319016;100;1,00;
10;2161339008;02;00501;13;122;0002;2161;    ;339008;3410,00;
11;2161339008;100;3410,00;
10;2161339046;02;00501;13;122;0002;2161;    ;339046;9900,00;
11;2161339046;100;9900,00;
10;2161339093;02;00501;13;122;0002;2161;    ;339093;1000,00;
11;2161339093;100;1000,00;
10;2162319004;02;00601;04;122;0002;2162;    ;319004;1,00;
11;2162319004;100;1,00;
10;2162319011;02;00601;04;122;0002;2162;    ;319011;110700,00;
11;2162319011;100;110700,00;
10;2162319016;02;00601;04;122;0002;2162;    ;319016;1,00;
11;2162319016;100;1,00;
10;2162339008;02;00601;04;122;0002;2162;    ;339008;1,00;
11;2162339008;100;1,00;
10;2162339046;02;00601;04;122;0002;2162;    ;339046;1,00;
11;2162339046;100;1,00;
10;2162339093;02;00601;04;122;0002;2162;    ;339093;1,00;
11;2162339093;100;1,00;
10;2163319011;02;00701;08;122;0002;2163;    ;319011;395000,00;
11;2163319011;100;395000,00;
10;2163319013;02;00701;08;122;0002;2163;    ;319013;124000,00;
11;2163319013;100;124000,00;
10;2163319016;02;00701;08;122;0002;2163;    ;319016;1000,00;
11;2163319016;100;1000,00;
10;2163319113;02;00701;08;122;0002;2163;    ;319113;48000,00;
11;2163319113;100;48000,00;
10;2163339008;02;00701;08;122;0002;2163;    ;339008;25000,00;
11;2163339008;100;25000,00;
10;2163339046;02;00701;08;122;0002;2163;    ;339046;38000,00;
11;2163339046;100;38000,00;
10;2163339049;02;00701;08;122;0002;2163;    ;339049;3000,00;
11;2163339049;100;3000,00;
10;2163339093;02;00701;08;122;0002;2163;    ;339093;2000,00;
11;2163339093;100;2000,00;
10;2165319004;02;00801;15;122;0002;2165;    ;319004;1,00;
11;2165319004;100;1,00;
10;2165319011;02;00801;15;122;0002;2165;    ;319011;160000,00;
11;2165319011;100;160000,00;
10;2165319016;02;00801;15;122;0002;2165;    ;319016;1,00;
11;2165319016;100;1,00;
10;2165339008;02;00801;15;122;0002;2165;    ;339008;1700,00;
11;2165339008;100;1700,00;
10;2165339046;02;00801;15;122;0002;2165;    ;339046;2500,00;
11;2165339046;100;2500,00;
10;2165339093;02;00801;15;122;0002;2165;    ;339093;1,00;
11;2165339093;100;1,00;
10;2167319004;02;00901;12;122;0002;2167;    ;319004;30199,00;
11;2167319004;119;100,00;
11;2167319004;100;20099,00;
11;2167319004;101;10000,00;
10;2167319011;02;00901;12;122;0002;2167;    ;319011;740100,00;
11;2167319011;101;650000,00;
11;2167319011;100;90000,00;
11;2167319011;119;100,00;
10;2167319016;02;00901;12;122;0002;2167;    ;319016;300,00;
11;2167319016;100;1,00;
11;2167319016;101;299,00;
10;2167339008;02;00901;12;122;0002;2167;    ;339008;10000,00;
11;2167339008;100;10000,00;
10;2167339046;02;00901;12;122;0002;2167;    ;339046;20000,00;
11;2167339046;100;20000,00;
10;2167339049;02;00901;12;122;0002;2167;    ;339049;50000,00;
11;2167339049;100;50000,00;
10;2167339093;02;00901;12;122;0002;2167;    ;339093;4001,00;
11;2167339093;100;4000,00;
11;2167339093;101;1,00;
10;2169319004;02;01001;27;122;0002;2169;    ;319004;60000,00;
11;2169319004;100;60000,00;
10;2169319011;02;01001;27;122;0002;2169;    ;319011;197200,00;
11;2169319011;100;197200,00;
10;2169319016;02;01001;27;122;0002;2169;    ;319016;1,00;
11;2169319016;100;1,00;
10;2169339008;02;01001;27;122;0002;2169;    ;339008;1800,00;
11;2169339008;100;1800,00;
10;2169339046;02;01001;27;122;0002;2169;    ;339046;1500,00;
11;2169339046;100;1500,00;
10;2169339093;02;01001;27;122;0002;2169;    ;339093;1,00;
11;2169339093;100;1,00;
10;2170319004;02;01101;18;122;0002;2170;    ;319004;125000,00;
11;2170319004;100;125000,00;
10;2170319011;02;01101;18;122;0002;2170;    ;319011;2095000,00;
11;2170319011;100;2095000,00;
10;2170319016;02;01101;18;122;0002;2170;    ;319016;20000,00;
11;2170319016;100;20000,00;
10;2170339008;02;01101;18;122;0002;2170;    ;339008;33300,00;
11;2170339008;100;33300,00;
10;2170339046;02;01101;18;122;0002;2170;    ;339046;52000,00;
11;2170339046;100;52000,00;
10;2170339093;02;01101;18;122;0002;2170;    ;339093;20200,00;
11;2170339093;100;20200,00;
10;2171319004;02;01201;15;122;0002;2171;    ;319004;1,00;
11;2171319004;100;1,00;
10;2171319011;02;01201;15;122;0002;2171;    ;319011;1584000,00;
11;2171319011;100;1584000,00;
10;2171319016;02;01201;15;122;0002;2171;    ;319016;33525,00;
11;2171319016;100;33525,00;
10;2171339008;02;01201;15;122;0002;2171;    ;339008;43000,00;
11;2171339008;100;43000,00;
10;2171339046;02;01201;15;122;0002;2171;    ;339046;27000,00;
11;2171339046;100;27000,00;
10;2171339093;02;01201;15;122;0002;2171;    ;339093;1,00;
11;2171339093;100;1,00;
10;2172319004;02;01301;04;122;0002;2172;    ;319004;1,00;
11;2172319004;100;1,00;
10;2172319011;02;01301;04;122;0002;2172;    ;319011;340000,00;
11;2172319011;100;340000,00;
10;2172319016;02;01301;04;122;0002;2172;    ;319016;1,00;
11;2172319016;100;1,00;
10;2172339008;02;01301;04;122;0002;2172;    ;339008;1000,00;
11;2172339008;100;1000,00;
10;2172339046;02;01301;04;122;0002;2172;    ;339046;3407,00;
11;2172339046;100;3407,00;
10;2172339093;02;01301;04;122;0002;2172;    ;339093;1,00;
11;2172339093;100;1,00;
10;2175339014;02;00202;04;131;0002;2175;    ;339014;1,00;
11;2175339014;100;1,00;
10;2175339030;02;00202;04;131;0002;2175;    ;339030;501,00;
11;2175339030;100;501,00;
10;2175339033;02;00202;04;131;0002;2175;    ;339033;1,00;
11;2175339033;100;1,00;
10;2175339036;02;00202;04;131;0002;2175;    ;339036;1000,00;
11;2175339036;100;1000,00;
10;2175339039;02;00202;04;131;0002;2175;    ;339039;19500,00;
11;2175339039;100;19500,00;
10;2175339092;02;00202;04;131;0002;2175;    ;339092;1,00;
11;2175339092;100;1,00;
10;2175339093;02;00202;04;131;0002;2175;    ;339093;1,00;
11;2175339093;100;1,00;
10;2175449052;02;00202;04;131;0002;2175;    ;449052;2000,00;
11;2175449052;100;2000,00;
10;2176339014;02;00203;04;122;0002;2176;    ;339014;2000,00;
11;2176339014;100;2000,00;
10;2176339030;02;00203;04;122;0002;2176;    ;339030;1000,00;
11;2176339030;100;1000,00;
10;2176339033;02;00203;04;122;0002;2176;    ;339033;1000,00;
11;2176339033;100;1000,00;
10;2176339036;02;00203;04;122;0002;2176;    ;339036;2000,00;
11;2176339036;100;2000,00;
10;2176339039;02;00203;04;122;0002;2176;    ;339039;5000,00;
11;2176339039;100;5000,00;
10;2176339092;02;00203;04;122;0002;2176;    ;339092;1,00;
11;2176339092;100;1,00;
10;2176339093;02;00203;04;122;0002;2176;    ;339093;1,00;
11;2176339093;100;1,00;
10;2176449052;02;00203;04;122;0002;2176;    ;449052;5000,00;
11;2176449052;100;5000,00;
10;2177339030;02;00204;04;122;0002;2177;    ;339030;200,00;
11;2177339030;100;200,00;
10;2177339033;02;00204;04;122;0002;2177;    ;339033;1,00;
11;2177339033;100;1,00;
10;2177339036;02;00204;04;122;0002;2177;    ;339036;1,00;
11;2177339036;100;1,00;
10;2177339039;02;00204;04;122;0002;2177;    ;339039;396,00;
11;2177339039;100;396,00;
10;2177339093;02;00204;04;122;0002;2177;    ;339093;1,00;
11;2177339093;100;1,00;
10;2177449052;02;00204;04;122;0002;2177;    ;449052;1,00;
11;2177449052;100;1,00;
10;2179339014;02;00206;04;122;0002;2179;    ;339014;1000,00;
11;2179339014;100;1000,00;
10;2179339030;02;00206;04;122;0002;2179;    ;339030;300,00;
11;2179339030;100;300,00;
10;2179339033;02;00206;04;122;0002;2179;    ;339033;200,00;
11;2179339033;100;200,00;
10;2179339036;02;00206;04;122;0002;2179;    ;339036;1,00;
11;2179339036;100;1,00;
10;2179339039;02;00206;04;122;0002;2179;    ;339039;1,00;
11;2179339039;100;1,00;
10;2179339093;02;00206;04;122;0002;2179;    ;339093;1,00;
11;2179339093;100;1,00;
10;2179449052;02;00206;04;122;0002;2179;    ;449052;2000,00;
11;2179449052;100;2000,00;
10;2180339014;02;00207;04;122;0002;2180;    ;339014;1000,00;
11;2180339014;100;1000,00;
10;2180339030;02;00207;04;122;0002;2180;    ;339030;2000,00;
11;2180339030;100;2000,00;
10;2180339033;02;00207;04;122;0002;2180;    ;339033;1,00;
11;2180339033;100;1,00;
10;2180339036;02;00207;04;122;0002;2180;    ;339036;500,00;
11;2180339036;100;500,00;
10;2180339039;02;00207;04;122;0002;2180;    ;339039;50000,00;
11;2180339039;100;50000,00;
10;2180339092;02;00207;04;122;0002;2180;    ;339092;1,00;
11;2180339092;100;1,00;
10;2180339093;02;00207;04;122;0002;2180;    ;339093;500,00;
11;2180339093;100;500,00;
10;2180449052;02;00207;04;122;0002;2180;    ;449052;3000,00;
11;2180449052;100;3000,00;
10;2181339014;02;00301;04;122;0002;2181;    ;339014;2000,00;
11;2181339014;100;2000,00;
10;2181339030;02;00301;04;122;0002;2181;    ;339030;1,00;
11;2181339030;100;1,00;
10;2181339033;02;00301;04;122;0002;2181;    ;339033;2000,00;
11;2181339033;100;2000,00;
10;2181339036;02;00301;04;122;0002;2181;    ;339036;2000,00;
11;2181339036;100;2000,00;
10;2181339039;02;00301;04;122;0002;2181;    ;339039;80000,00;
11;2181339039;100;80000,00;
10;2181339092;02;00301;04;122;0002;2181;    ;339092;1000,00;
11;2181339092;100;1000,00;
10;2181339093;02;00301;04;122;0002;2181;    ;339093;1000,00;
11;2181339093;100;1000,00;
10;2181449052;02;00301;04;122;0002;2181;    ;449052;10000,00;
11;2181449052;100;10000,00;
10;2182339014;02;00401;04;122;0002;2182;    ;339014;2000,00;
11;2182339014;100;2000,00;
10;2182339030;02;00401;04;122;0002;2182;    ;339030;50000,00;
11;2182339030;100;50000,00;
10;2182339033;02;00401;04;122;0002;2182;    ;339033;3000,00;
11;2182339033;100;3000,00;
10;2182339036;02;00401;04;122;0002;2182;    ;339036;25000,00;
11;2182339036;100;25000,00;
10;2182339039;02;00401;04;122;0002;2182;    ;339039;200000,00;
11;2182339039;100;200000,00;
10;2182339047;02;00401;04;122;0002;2182;    ;339047;1145000,00;
11;2182339047;116;5000,00;
11;2182339047;100;1140000,00;
10;2182339092;02;00401;04;122;0002;2182;    ;339092;2000,00;
11;2182339092;100;2000,00;
10;2182339093;02;00401;04;122;0002;2182;    ;339093;1,00;
11;2182339093;100;1,00;
10;2182449052;02;00401;04;122;0002;2182;    ;449052;35000,00;
11;2182449052;100;35000,00;
10;2183339014;02;00501;13;122;0002;2183;    ;339014;1000,00;
11;2183339014;100;1000,00;
10;2183339030;02;00501;13;122;0002;2183;    ;339030;4500,00;
11;2183339030;100;4500,00;
10;2183339033;02;00501;13;122;0002;2183;    ;339033;1,00;
11;2183339033;100;1,00;
10;2183339036;02;00501;13;122;0002;2183;    ;339036;1,00;
11;2183339036;100;1,00;
10;2183339039;02;00501;13;122;0002;2183;    ;339039;40000,00;
11;2183339039;100;40000,00;
10;2183339092;02;00501;13;122;0002;2183;    ;339092;1,00;
11;2183339092;100;1,00;
10;2183339093;02;00501;13;122;0002;2183;    ;339093;1,00;
11;2183339093;100;1,00;
10;2183449052;02;00501;13;122;0002;2183;    ;449052;2000,00;
11;2183449052;100;2000,00;
10;2186339014;02;00601;04;122;0002;2186;    ;339014;1,00;
11;2186339014;100;1,00;
10;2186339030;02;00601;04;122;0002;2186;    ;339030;1,00;
11;2186339030;100;1,00;
10;2186339033;02;00601;04;122;0002;2186;    ;339033;1,00;
11;2186339033;100;1,00;
10;2186339036;02;00601;04;122;0002;2186;    ;339036;1,00;
11;2186339036;100;1,00;
10;2186339039;02;00601;04;122;0002;2186;    ;339039;1000,00;
11;2186339039;100;1000,00;
10;2186339093;02;00601;04;122;0002;2186;    ;339093;1,00;
11;2186339093;100;1,00;
10;2186449052;02;00601;04;122;0002;2186;    ;449052;1,00;
11;2186449052;100;1,00;
10;2187335041;02;00701;08;122;0002;2187;    ;335041;60000,00;
11;2187335041;100;60000,00;
10;2187339014;02;00701;08;122;0002;2187;    ;339014;1000,00;
11;2187339014;100;1000,00;
10;2187339030;02;00701;08;122;0002;2187;    ;339030;2000,00;
11;2187339030;100;2000,00;
10;2187339039;02;00701;08;122;0002;2187;    ;339039;15500,00;
11;2187339039;100;15500,00;
10;2187339092;02;00701;08;122;0002;2187;    ;339092;1000,00;
11;2187339092;100;1000,00;
10;2188339014;02;00801;15;122;0002;2188;    ;339014;1000,00;
11;2188339014;100;1000,00;
10;2188339030;02;00801;15;122;0002;2188;    ;339030;1000,00;
11;2188339030;100;1000,00;
10;2188339033;02;00801;15;122;0002;2188;    ;339033;1,00;
11;2188339033;100;1,00;
10;2188339036;02;00801;15;122;0002;2188;    ;339036;1,00;
11;2188339036;100;1,00;
10;2188339039;02;00801;15;122;0002;2188;    ;339039;1000,00;
11;2188339039;100;1000,00;
10;2188339092;02;00801;15;122;0002;2188;    ;339092;1,00;
11;2188339092;100;1,00;
10;2188339093;02;00801;15;122;0002;2188;    ;339093;1,00;
11;2188339093;100;1,00;
10;2188449052;02;00801;15;122;0002;2188;    ;449052;3000,00;
11;2188449052;100;3000,00;
10;2190339014;02;00901;12;122;0002;2190;    ;339014;10100,00;
11;2190339014;101;10099,00;
11;2190339014;100;1,00;
10;2190339030;02;00901;12;122;0002;2190;    ;339030;65000,00;
11;2190339030;101;25000,00;
11;2190339030;100;40000,00;
10;2190339036;02;00901;12;122;0002;2190;    ;339036;28000,00;
11;2190339036;101;25000,00;
11;2190339036;100;3000,00;
10;2190339039;02;00901;12;122;0002;2190;    ;339039;119297,00;
11;2190339039;146;100,00;
11;2190339039;101;90000,00;
11;2190339039;100;29197,00;
10;2190339041;02;00901;12;122;0002;2190;    ;339041;1,00;
11;2190339041;100;1,00;
10;2190339047;02;00901;12;122;0002;2190;    ;339047;3000,00;
11;2190339047;100;3000,00;
10;2190339092;02;00901;12;122;0002;2190;    ;339092;8000,00;
11;2190339092;100;8000,00;
10;2190449052;02;00901;12;122;0002;2190;    ;449052;2,00;
11;2190449052;100;1,00;
11;2190449052;101;1,00;
10;2192339014;02;01001;27;122;0002;2192;    ;339014;2500,00;
11;2192339014;100;2500,00;
10;2192339030;02;01001;27;122;0002;2192;    ;339030;1,00;
11;2192339030;100;1,00;
10;2192339033;02;01001;27;122;0002;2192;    ;339033;1,00;
11;2192339033;100;1,00;
10;2192339036;02;01001;27;122;0002;2192;    ;339036;1,00;
11;2192339036;100;1,00;
10;2192339039;02;01001;27;122;0002;2192;    ;339039;20000,00;
11;2192339039;100;20000,00;
10;2192339092;02;01001;27;122;0002;2192;    ;339092;1,00;
11;2192339092;100;1,00;
10;2192339093;02;01001;27;122;0002;2192;    ;339093;1,00;
11;2192339093;100;1,00;
10;2192449052;02;01001;27;122;0002;2192;    ;449052;4000,00;
11;2192449052;100;4000,00;
10;2193339014;02;01101;18;122;0002;2193;    ;339014;500,00;
11;2193339014;100;500,00;
10;2193339030;02;01101;18;122;0002;2193;    ;339030;10000,00;
11;2193339030;100;10000,00;
10;2193339033;02;01101;18;122;0002;2193;    ;339033;1,00;
11;2193339033;100;1,00;
10;2193339036;02;01101;18;122;0002;2193;    ;339036;1,00;
11;2193339036;100;1,00;
10;2193339039;02;01101;18;122;0002;2193;    ;339039;32000,00;
11;2193339039;100;32000,00;
10;2193339092;02;01101;18;122;0002;2193;    ;339092;5000,00;
11;2193339092;100;5000,00;
10;2193339093;02;01101;18;122;0002;2193;    ;339093;1000,00;
11;2193339093;100;1000,00;
10;2193449052;02;01101;18;122;0002;2193;    ;449052;5000,00;
11;2193449052;100;5000,00;
10;2194339014;02;01201;15;122;0002;2194;    ;339014;500,00;
11;2194339014;100;500,00;
10;2194339030;02;01201;15;122;0002;2194;    ;339030;2000,00;
11;2194339030;100;2000,00;
10;2194339033;02;01201;15;122;0002;2194;    ;339033;1,00;
11;2194339033;100;1,00;
10;2194339039;02;01201;15;122;0002;2194;    ;339039;20000,00;
11;2194339039;100;20000,00;
10;2194339092;02;01201;15;122;0002;2194;    ;339092;1000,00;
11;2194339092;100;1000,00;
10;2194339093;02;01201;15;122;0002;2194;    ;339093;1,00;
11;2194339093;100;1,00;
10;2194449052;02;01201;15;122;0002;2194;    ;449052;5000,00;
11;2194449052;100;5000,00;
10;2195339014;02;01301;04;122;0002;2195;    ;339014;500,00;
11;2195339014;100;500,00;
10;2195339030;02;01301;04;122;0002;2195;    ;339030;1000,00;
11;2195339030;100;1000,00;
10;2195339033;02;01301;04;122;0002;2195;    ;339033;1,00;
11;2195339033;100;1,00;
10;2195339036;02;01301;04;122;0002;2195;    ;339036;1,00;
11;2195339036;100;1,00;
10;2195339039;02;01301;04;122;0002;2195;    ;339039;2000,00;
11;2195339039;100;2000,00;
10;2195339092;02;01301;04;122;0002;2195;    ;339092;1,00;
11;2195339092;100;1,00;
10;2195339093;02;01301;04;122;0002;2195;    ;339093;1,00;
11;2195339093;100;1,00;
10;2195449052;02;01301;04;122;0002;2195;    ;449052;3000,00;
11;2195449052;100;3000,00;
10;2196335043;02;01401;10;122;0002;2196;    ;335043;25000,00;
11;2196335043;102;25000,00;
10;2196339014;02;01401;10;122;0002;2196;    ;339014;1,00;
11;2196339014;102;1,00;
10;2196339030;02;01401;10;122;0002;2196;    ;339030;1,00;
11;2196339030;102;1,00;
10;2196339036;02;01401;10;122;0002;2196;    ;339036;1,00;
11;2196339036;102;1,00;
10;2196339039;02;01401;10;122;0002;2196;    ;339039;1297,00;
11;2196339039;102;1297,00;
10;2196339092;02;01401;10;122;0002;2196;    ;339092;26799,00;
11;2196339092;100;26799,00;
10;2196339093;02;01401;10;122;0002;2196;    ;339093;1,00;
11;2196339093;100;1,00;
10;2197339014;02;01402;10;122;0002;2197;    ;339014;1000,00;
11;2197339014;102;1000,00;
10;2197339030;02;01402;10;122;0002;2197;    ;339030;5000,00;
11;2197339030;102;5000,00;
10;2197339033;02;01402;10;122;0002;2197;    ;339033;1,00;
11;2197339033;100;1,00;
10;2197339036;02;01402;10;122;0002;2197;    ;339036;1000,00;
11;2197339036;102;1000,00;
10;2197339039;02;01402;10;122;0002;2197;    ;339039;60099,00;
11;2197339039;102;60099,00;
10;2197339041;02;01402;10;122;0002;2197;    ;339041;18198,00;
11;2197339041;100;18198,00;
10;2197339047;02;01402;10;122;0002;2197;    ;339047;30000,00;
11;2197339047;102;30000,00;
10;2197339049;02;01402;10;122;0002;2197;    ;339049;42000,00;
11;2197339049;100;42000,00;
10;2197339091;02;01402;10;122;0002;2197;    ;339091;1,00;
11;2197339091;100;1,00;
10;2197449052;02;01402;10;122;0002;2197;    ;449052;1,00;
11;2197449052;102;1,00;
10;2208339014;02;01402;10;122;0002;2208;    ;339014;500,00;
11;2208339014;102;500,00;
10;2208339030;02;01402;10;122;0002;2208;    ;339030;1000,00;
11;2208339030;102;1000,00;
10;2208339036;02;01402;10;122;0002;2208;    ;339036;1000,00;
11;2208339036;102;1000,00;
10;2208339039;02;01402;10;122;0002;2208;    ;339039;700,00;
11;2208339039;102;700,00;
10;2208449052;02;01402;10;122;0002;2208;    ;449052;1000,00;
11;2208449052;102;1000,00;
10;2221339030;02;01201;15;451;0078;2221;    ;339030;10000,00;
11;2221339030;100;10000,00;
10;2221339036;02;01201;15;451;0078;2221;    ;339036;10000,00;
11;2221339036;100;10000,00;
10;2221339039;02;01201;15;451;0078;2221;    ;339039;10000,00;
11;2221339039;100;10000,00;
10;2221449051;02;01201;15;451;0078;2221;    ;449051;2,00;
11;2221449051;124;1,00;
11;2221449051;100;1,00;
10;2222339030;02;01201;15;451;0078;2222;    ;339030;50000,00;
11;2222339030;100;50000,00;
10;2222339036;02;01201;15;451;0078;2222;    ;339036;1,00;
11;2222339036;100;1,00;
10;2222339039;02;01201;15;451;0078;2222;    ;339039;100102,00;
11;2222339039;116;1,00;
11;2222339039;190;100,00;
11;2222339039;100;100000,00;
11;2222339039;124;1,00;
10;2222449051;02;01201;15;451;0078;2222;    ;449051;1821711,14;
11;2222449051;190;200000,00;
11;2222449051;192;30000,00;
11;2222449051;124;836459,00;
11;2222449051;116;144999,00;
11;2222449051;100;610253,14;
10;2223339030;02;01201;15;451;0078;2223;    ;339030;60000,00;
11;2223339030;100;60000,00;
10;2223339039;02;01201;15;451;0078;2223;    ;339039;1,00;
11;2223339039;100;1,00;
10;2223449051;02;01201;15;451;0078;2223;    ;449051;150002,00;
11;2223449051;124;1,00;
11;2223449051;190;1,00;
11;2223449051;100;150000,00;
10;2224339030;02;01201;15;451;0078;2224;    ;339030;150000,00;
11;2224339030;100;150000,00;
10;2224339039;02;01201;15;451;0078;2224;    ;339039;250001,00;
11;2224339039;124;1,00;
11;2224339039;100;250000,00;
10;2224449051;02;01201;15;451;0078;2224;    ;449051;1,00;
11;2224449051;100;1,00;
10;2226319004;02;00702;08;244;0023;2226;    ;319004;62000,00;
11;2226319004;100;50000,00;
11;2226319004;129;12000,00;
10;2226319011;02;00702;08;244;0023;2226;    ;319011;54000,00;
11;2226319011;100;37000,00;
11;2226319011;129;17000,00;
10;2226319016;02;00702;08;244;0023;2226;    ;319016;1,00;
11;2226319016;100;1,00;
10;2226339030;02;00702;08;244;0023;2226;    ;339030;45000,00;
11;2226339030;100;1000,00;
11;2226339030;129;44000,00;
10;2226339032;02;00702;08;244;0023;2226;    ;339032;10000,00;
11;2226339032;129;10000,00;
10;2226339036;02;00702;08;244;0023;2226;    ;339036;6001,00;
11;2226339036;129;6000,00;
11;2226339036;100;1,00;
10;2226339039;02;00702;08;244;0023;2226;    ;339039;48000,00;
11;2226339039;100;6000,00;
11;2226339039;129;42000,00;
10;2227319004;02;00702;08;244;0028;2227;    ;319004;72000,00;
11;2227319004;100;66000,00;
11;2227319004;129;6000,00;
10;2227319011;02;00702;08;244;0028;2227;    ;319011;88000,00;
11;2227319011;129;3000,00;
11;2227319011;100;85000,00;
10;2227319016;02;00702;08;244;0028;2227;    ;319016;2,00;
11;2227319016;100;1,00;
11;2227319016;129;1,00;
10;2227339030;02;00702;08;244;0028;2227;    ;339030;31000,00;
11;2227339030;100;6000,00;
11;2227339030;129;25000,00;
10;2227339036;02;00702;08;244;0028;2227;    ;339036;27000,00;
11;2227339036;100;7000,00;
11;2227339036;129;20000,00;
10;2227339039;02;00702;08;244;0028;2227;    ;339039;27000,00;
11;2227339039;100;3000,00;
11;2227339039;129;24000,00;
10;2229335041;02;00702;08;244;0028;2229;    ;335041;52800,00;
11;2229335041;129;52800,00;
10;2229339030;02;00702;08;244;0028;2229;    ;339030;3000,00;
11;2229339030;129;3000,00;
10;2229339039;02;00702;08;244;0028;2229;    ;339039;36000,00;
11;2229339039;156;12000,00;
11;2229339039;100;14000,00;
11;2229339039;129;10000,00;
10;2231339014;02;00702;08;244;0021;2231;    ;339014;7000,00;
11;2231339014;100;2000,00;
11;2231339014;129;5000,00;
10;2231339030;02;00702;08;244;0021;2231;    ;339030;5000,00;
11;2231339030;129;5000,00;
10;2231339039;02;00702;08;244;0021;2231;    ;339039;10000,00;
11;2231339039;129;10000,00;
10;2231449052;02;00702;08;244;0021;2231;    ;449052;30000,00;
11;2231449052;129;30000,00;
10;2233319004;02;00702;08;244;0021;2233;    ;319004;67000,00;
11;2233319004;100;37000,00;
11;2233319004;129;30000,00;
10;2233319011;02;00702;08;244;0021;2233;    ;319011;35000,00;
11;2233319011;100;28500,00;
11;2233319011;129;6500,00;
10;2233319016;02;00702;08;244;0021;2233;    ;319016;1000,00;
11;2233319016;100;1000,00;
10;2233339030;02;00702;08;244;0021;2233;    ;339030;23000,00;
11;2233339030;129;20000,00;
11;2233339030;100;3000,00;
10;2233339036;02;00702;08;244;0021;2233;    ;339036;21000,00;
11;2233339036;100;4000,00;
11;2233339036;129;17000,00;
10;2233339039;02;00702;08;244;0021;2233;    ;339039;25000,00;
11;2233339039;100;5000,00;
11;2233339039;129;20000,00;
10;2234339048;02;01402;10;301;0043;2234;    ;339048;252000,00;
11;2234339048;102;252000,00;
10;2236317170;02;01402;10;302;0042;2236;    ;317170;41500,00;
11;2236317170;102;41500,00;
10;2236337170;02;01402;10;302;0042;2236;    ;337170;106500,00;
11;2236337170;102;106500,00;
10;2237339036;02;01301;04;121;0012;2237;    ;339036;1,00;
11;2237339036;100;1,00;
10;2237339039;02;01301;04;121;0012;2237;    ;339039;1000,00;
11;2237339039;100;1000,00;
10;2237449052;02;01301;04;121;0012;2237;    ;449052;1000,00;
11;2237449052;100;1000,00;
10;2238339030;02;00401;04;122;0002;2238;    ;339030;500000,00;
11;2238339030;100;500000,00;
10;2238339032;02;00401;04;122;0002;2238;    ;339032;2500,00;
11;2238339032;100;2500,00;
10;2238339036;02;00401;04;122;0002;2238;    ;339036;1,00;
11;2238339036;100;1,00;
10;2238339039;02;00401;04;122;0002;2238;    ;339039;400000,00;
11;2238339039;100;400000,00;
10;2238449052;02;00401;04;122;0002;2238;    ;449052;1,00;
11;2238449052;100;1,00;
10;2240339030;02;00504;23;695;0060;2240;    ;339030;1000,00;
11;2240339030;100;1000,00;
10;2240339036;02;00504;23;695;0060;2240;    ;339036;1000,00;
11;2240339036;100;1000,00;
10;2240339039;02;00504;23;695;0060;2240;    ;339039;10001,00;
11;2240339039;100;10000,00;
11;2240339039;124;1,00;
10;2240449052;02;00504;23;695;0060;2240;    ;449052;1000,00;
11;2240449052;100;1000,00;
10;2242319004;02;00701;08;122;0002;2242;    ;319004;147000,00;
11;2242319004;100;147000,00;
10;2242319011;02;00701;08;122;0002;2242;    ;319011;27000,00;
11;2242319011;100;27000,00;
10;2242339014;02;00701;08;122;0002;2242;    ;339014;1000,00;
11;2242339014;100;1000,00;
10;2242339030;02;00701;08;122;0002;2242;    ;339030;3474,00;
11;2242339030;100;3474,00;
10;2242339039;02;00701;08;122;0002;2242;    ;339039;27000,00;
11;2242339039;100;27000,00;
10;2243319004;02;01601;04;122;0002;2243;    ;319004;1,00;
11;2243319004;100;1,00;
10;2243319011;02;01601;04;122;0002;2243;    ;319011;156000,00;
11;2243319011;100;156000,00;
10;2243319016;02;01601;04;122;0002;2243;    ;319016;1,00;
11;2243319016;100;1,00;
10;2243339008;02;01601;04;122;0002;2243;    ;339008;2100,00;
11;2243339008;100;2100,00;
10;2243339046;02;01601;04;122;0002;2243;    ;339046;8000,00;
11;2243339046;100;8000,00;
10;2243339093;02;01601;04;122;0002;2243;    ;339093;1,00;
11;2243339093;100;1,00;
10;2244339014;02;01601;04;122;0002;2244;    ;339014;100,00;
11;2244339014;100;100,00;
10;2244339030;02;01601;04;122;0002;2244;    ;339030;12000,00;
11;2244339030;100;12000,00;
10;2244339033;02;01601;04;122;0002;2244;    ;339033;1,00;
11;2244339033;100;1,00;
10;2244339036;02;01601;04;122;0002;2244;    ;339036;1,00;
11;2244339036;100;1,00;
10;2244339039;02;01601;04;122;0002;2244;    ;339039;9500,00;
11;2244339039;100;9500,00;
10;2244339092;02;01601;04;122;0002;2244;    ;339092;1,00;
11;2244339092;100;1,00;
10;2244339093;02;01601;04;122;0002;2244;    ;339093;1,00;
11;2244339093;100;1,00;
10;2244449052;02;01601;04;122;0002;2244;    ;449052;5000,00;
11;2244449052;100;5000,00;
10;2245319004;02;01602;26;122;0002;2245;    ;319004;1,00;
11;2245319004;100;1,00;
10;2245319011;02;01602;26;122;0002;2245;    ;319011;285000,00;
11;2245319011;100;285000,00;
10;2245319016;02;01602;26;122;0002;2245;    ;319016;2500,00;
11;2245319016;100;2500,00;
10;2245339008;02;01602;26;122;0002;2245;    ;339008;1000,00;
11;2245339008;100;1000,00;
10;2245339046;02;01602;26;122;0002;2245;    ;339046;1,00;
11;2245339046;100;1,00;
10;2245339093;02;01602;26;122;0002;2245;    ;339093;35000,00;
11;2245339093;100;35000,00;
10;2246339030;02;01602;26;782;0037;2246;    ;339030;30000,00;
11;2246339030;157;20000,00;
11;2246339030;100;10000,00;
10;2246339036;02;01602;26;782;0037;2246;    ;339036;11000,00;
11;2246339036;157;1000,00;
11;2246339036;100;10000,00;
10;2246339039;02;01602;26;782;0037;2246;    ;339039;445000,00;
11;2246339039;100;150000,00;
11;2246339039;157;295000,00;
10;2246339093;02;01602;26;782;0037;2246;    ;339093;1,00;
11;2246339093;100;1,00;
10;2246449051;02;01602;26;782;0037;2246;    ;449051;1,00;
11;2246449051;100;1,00;
10;2246449052;02;01602;26;782;0037;2246;    ;449052;120000,00;
11;2246449052;157;50000,00;
11;2246449052;100;70000,00;
10;2248339030;02;01402;10;303;0041;2248;    ;339030;51000,00;
11;2248339030;148;50000,00;
11;2248339030;155;1000,00;
10;2248339091;02;01402;10;303;0041;2248;    ;339091;1000,00;
11;2248339091;102;1000,00;
10;2249319004;02;01402;10;301;0043;2249;    ;319004;255495,00;
11;2249319004;102;255495,00;
10;2249319011;02;01402;10;301;0043;2249;    ;319011;1,00;
11;2249319011;102;1,00;
10;2249319016;02;01402;10;301;0043;2249;    ;319016;1,00;
11;2249319016;102;1,00;
10;2249335041;02;01402;10;301;0043;2249;    ;335041;2,00;
11;2249335041;102;1,00;
11;2249335041;148;1,00;
10;2249339008;02;01402;10;301;0043;2249;    ;339008;1,00;
11;2249339008;102;1,00;
10;2249339014;02;01402;10;301;0043;2249;    ;339014;599,00;
11;2249339014;148;599,00;
10;2249339036;02;01402;10;301;0043;2249;    ;339036;1338000,00;
11;2249339036;148;1338000,00;
10;2249339046;02;01402;10;301;0043;2249;    ;339046;67000,00;
11;2249339046;100;67000,00;
10;2249339093;02;01402;10;301;0043;2249;    ;339093;1,00;
11;2249339093;102;1,00;
10;2250339030;02;01402;10;301;0043;2250;    ;339030;1598,00;
11;2250339030;148;1598,00;
10;2250339036;02;01402;10;301;0043;2250;    ;339036;1,00;
11;2250339036;148;1,00;
10;2250339039;02;01402;10;301;0043;2250;    ;339039;1,00;
11;2250339039;148;1,00;
10;2251319004;02;01402;10;301;0043;2251;    ;319004;171000,00;
11;2251319004;102;171000,00;
10;2251319011;02;01402;10;301;0043;2251;    ;319011;1,00;
11;2251319011;102;1,00;
10;2251319016;02;01402;10;301;0043;2251;    ;319016;1000,00;
11;2251319016;102;1000,00;
10;2251339008;02;01402;10;301;0043;2251;    ;339008;4199,00;
11;2251339008;148;1,00;
11;2251339008;102;4198,00;
10;2251339014;02;01402;10;301;0043;2251;    ;339014;1001,00;
11;2251339014;148;1,00;
11;2251339014;102;1000,00;
10;2251339030;02;01402;10;301;0043;2251;    ;339030;2,00;
11;2251339030;148;1,00;
11;2251339030;102;1,00;
10;2251339036;02;01402;10;301;0043;2251;    ;339036;522594,00;
11;2251339036;148;522594,00;
10;2251339039;02;01402;10;301;0043;2251;    ;339039;1,00;
11;2251339039;148;1,00;
10;2251339046;02;01402;10;301;0043;2251;    ;339046;15000,00;
11;2251339046;100;15000,00;
10;2251339093;02;01402;10;301;0043;2251;    ;339093;2001,00;
11;2251339093;102;2000,00;
11;2251339093;148;1,00;
10;2251449052;02;01402;10;301;0043;2251;    ;449052;1,00;
11;2251449052;148;1,00;
10;2254335041;02;01402;10;302;0042;2254;    ;335041;2534400,00;
11;2254335041;155;2474400,00;
11;2254335041;150;60000,00;
10;2254339039;02;01402;10;302;0042;2254;    ;339039;11091000,00;
11;2254339039;102;4716000,00;
11;2254339039;149;6375000,00;
10;2255339030;02;01402;10;302;0042;2255;    ;339030;72500,00;
11;2255339030;149;72000,00;
11;2255339030;102;500,00;
10;2255339036;02;01402;10;302;0042;2255;    ;339036;2500,00;
11;2255339036;102;500,00;
11;2255339036;149;2000,00;
10;2255339039;02;01402;10;302;0042;2255;    ;339039;172500,00;
11;2255339039;149;172000,00;
11;2255339039;102;500,00;
10;2256339030;02;01402;10;122;0044;2256;    ;339030;100,00;
11;2256339030;102;100,00;
10;2256339036;02;01402;10;122;0044;2256;    ;339036;100,00;
11;2256339036;102;100,00;
10;2256339039;02;01402;10;122;0044;2256;    ;339039;100,00;
11;2256339039;102;100,00;
10;2256449052;02;01402;10;122;0044;2256;    ;449052;100,00;
11;2256449052;102;100,00;
10;2257319013;02;01402;10;272;0002;2257;    ;319013;1444100,00;
11;2257319013;150;100,00;
11;2257319013;149;10000,00;
11;2257319013;102;1300000,00;
11;2257319013;148;134000,00;
10;2257319113;02;01402;10;272;0002;2257;    ;319113;772100,00;
11;2257319113;150;100,00;
11;2257319113;100;5000,00;
11;2257319113;102;750000,00;
11;2257319113;148;10000,00;
11;2257319113;149;7000,00;
10;2258339030;02;00801;15;451;0039;2258;    ;339030;20000,00;
11;2258339030;100;20000,00;
10;2258339036;02;00801;15;451;0039;2258;    ;339036;1,00;
11;2258339036;100;1,00;
10;2258339039;02;00801;15;451;0039;2258;    ;339039;30001,00;
11;2258339039;124;1,00;
11;2258339039;100;30000,00;
10;2258339093;02;00801;15;451;0039;2258;    ;339093;1,00;
11;2258339093;100;1,00;
10;2258449051;02;00801;15;451;0039;2258;    ;449051;30001,00;
11;2258449051;124;1,00;
11;2258449051;100;30000,00;
10;2259339030;02;01601;06;181;0079;2259;    ;339030;1000,00;
11;2259339030;100;1000,00;
10;2259339036;02;01601;06;181;0079;2259;    ;339036;1,00;
11;2259339036;100;1,00;
10;2259339039;02;01601;06;181;0079;2259;    ;339039;2000,00;
11;2259339039;100;2000,00;
10;2259449051;02;01601;06;181;0079;2259;    ;449051;1,00;
11;2259449051;100;1,00;
10;2259449052;02;01601;06;181;0079;2259;    ;449052;1,00;
11;2259449052;100;1,00;
10;2260339030;02;00901;12;365;0032;2260;    ;339030;30497,00;
11;2260339030;100;397,00;
11;2260339030;101;30000,00;
11;2260339030;145;100,00;
10;2260339036;02;00901;12;365;0032;2260;    ;339036;3,00;
11;2260339036;145;1,00;
11;2260339036;100;1,00;
11;2260339036;101;1,00;
10;2260339039;02;00901;12;365;0032;2260;    ;339039;136748,85;
11;2260339039;100;1,00;
11;2260339039;145;298,00;
11;2260339039;101;136449,85;
10;2260449052;02;00901;12;365;0032;2260;    ;449052;3,00;
11;2260449052;145;1,00;
11;2260449052;101;1,00;
11;2260449052;100;1,00;
10;2261339030;02;00901;12;365;0032;2261;    ;339030;35003,00;
11;2261339030;147;1,00;
11;2261339030;101;35000,00;
11;2261339030;100;1,00;
11;2261339030;145;1,00;
10;2261339036;02;00901;12;365;0032;2261;    ;339036;802,00;
11;2261339036;145;1,00;
11;2261339036;101;799,00;
11;2261339036;100;1,00;
11;2261339036;147;1,00;
10;2261339039;02;00901;12;365;0032;2261;    ;339039;129890,00;
11;2261339039;147;496,00;
11;2261339039;100;397,00;
11;2261339039;101;120000,00;
11;2261339039;145;8997,00;
10;2261449052;02;00901;12;365;0032;2261;    ;449052;4,00;
11;2261449052;101;1,00;
11;2261449052;145;1,00;
11;2261449052;147;1,00;
11;2261449052;100;1,00;
10;2262319013;02;00901;12;272;0002;2262;    ;319013;1170001,00;
11;2262319013;118;250000,00;
11;2262319013;101;700000,00;
11;2262319013;147;1,00;
11;2262319013;100;20000,00;
11;2262319013;119;200000,00;
10;2262319113;02;00901;12;272;0002;2262;    ;319113;1730001,00;
11;2262319113;147;1,00;
11;2262319113;101;350000,00;
11;2262319113;119;300000,00;
11;2262319113;100;30000,00;
11;2262319113;118;1050000,00;
10;2264339030;02;01602;06;181;0079;2264;    ;339030;18000,00;
11;2264339030;100;18000,00;
10;2264339039;02;01602;06;181;0079;2264;    ;339039;18000,00;
11;2264339039;100;18000,00;
10;2265339030;02;01201;26;782;0047;2265;    ;339030;100000,00;
11;2265339030;100;100000,00;
10;2265339036;02;01201;26;782;0047;2265;    ;339036;8000,00;
11;2265339036;100;8000,00;
10;2265339039;02;01201;26;782;0047;2265;    ;339039;2,00;
11;2265339039;124;1,00;
11;2265339039;100;1,00;
10;2265449051;02;01201;26;782;0047;2265;    ;449051;100001,00;
11;2265449051;100;100000,00;
11;2265449051;124;1,00;
10;2265449052;02;01201;26;782;0047;2265;    ;449052;1,00;
11;2265449052;100;1,00;
10;2266339030;02;01602;26;451;0037;2266;    ;339030;100,00;
11;2266339030;100;100,00;
10;2266339039;02;01602;26;451;0037;2266;    ;339039;50000,00;
11;2266339039;100;50000,00;
10;2266449051;02;01602;26;451;0037;2266;    ;449051;50000,00;
11;2266449051;100;50000,00;
10;2266449052;02;01602;26;451;0037;2266;    ;449052;100,00;
11;2266449052;100;100,00;
10;2267319004;02;00901;12;367;0024;2267;    ;319004;10300,00;
11;2267319004;101;1,00;
11;2267319004;119;1,00;
11;2267319004;100;10297,00;
11;2267319004;118;1,00;
10;2267319005;02;00901;12;367;0024;2267;    ;319005;1,00;
11;2267319005;101;1,00;
10;2267319011;02;00901;12;367;0024;2267;    ;319011;276289,00;
11;2267319011;118;150496,00;
11;2267319011;100;1,00;
11;2267319011;119;25297,00;
11;2267319011;101;100495,00;
10;2267319016;02;00901;12;367;0024;2267;    ;319016;4,00;
11;2267319016;100;1,00;
11;2267319016;118;1,00;
11;2267319016;101;1,00;
11;2267319016;119;1,00;
10;2267339008;02;00901;12;367;0024;2267;    ;339008;4,00;
11;2267339008;119;1,00;
11;2267339008;101;1,00;
11;2267339008;100;1,00;
11;2267339008;118;1,00;
10;2267339046;02;00901;12;367;0024;2267;    ;339046;10000,00;
11;2267339046;100;10000,00;
10;2267339093;02;00901;12;367;0024;2267;    ;339093;4502,00;
11;2267339093;100;2500,00;
11;2267339093;101;1,00;
11;2267339093;118;1,00;
11;2267339093;119;2000,00;
10;2268319004;02;01402;10;302;0042;2268;    ;319004;90000,00;
11;2268319004;149;90000,00;
10;2268319011;02;01402;10;302;0042;2268;    ;319011;1000,00;
11;2268319011;149;1000,00;
10;2268319016;02;01402;10;302;0042;2268;    ;319016;500,00;
11;2268319016;149;500,00;
10;2268339014;02;01402;10;302;0042;2268;    ;339014;1000,00;
11;2268339014;149;1000,00;
10;2268339030;02;01402;10;302;0042;2268;    ;339030;50000,00;
11;2268339030;149;50000,00;
10;2268339036;02;01402;10;302;0042;2268;    ;339036;5000,00;
11;2268339036;149;5000,00;
10;2268339039;02;01402;10;302;0042;2268;    ;339039;5000,00;
11;2268339039;149;5000,00;
10;2268339046;02;01402;10;302;0042;2268;    ;339046;6000,00;
11;2268339046;100;6000,00;